machine_id,machine_type,temperature,vibration,current,load,operating_hours,maintenance_count,ambient_temperature,humidity,risk_score,failure
MCH-CNC-1000,CNC,52.37,1.9,19.37,49.39,2245.7,2,28.12,49.19,0.0214,0
MCH-CNC-1000,CNC,58.01,2.161,20.01,58.76,2311.4,2,25.22,52.31,0.223,0
MCH-CNC-1000,CNC,55.53,1.675,18.14,61.83,2384.3,2,38.07,77.52,0.0736,0
MCH-CNC-1000,CNC,54.14,1.561,17.11,62.52,2442.1,2,32.82,46.25,0.0593,0
MCH-CNC-1000,CNC,48.56,1.951,16.41,55.76,2491.2,2,24.49,53.87,0.0,0
MCH-CNC-1000,CNC,50.6,2.639,16.07,51.23,2553.3,3,35.35,89.86,0.3272,0
MCH-CNC-1000,CNC,53.9,2.102,20.59,52.11,2595.9,3,27.02,64.33,0.1217,0
MCH-CNC-1000,CNC,53.87,1.96,15.94,58.09,2669.0,3,26.93,57.79,0.0044,0
MCH-CNC-1000,CNC,56.41,2.304,18.23,62.81,2734.3,3,28.21,55.0,0.2544,0
MCH-CNC-1000,CNC,55.95,1.971,21.14,72.59,2804.6,3,29.54,45.84,0.1686,0
MCH-CNC-1000,CNC,55.78,1.666,19.79,62.1,2858.8,3,29.92,34.06,0.1403,0
MCH-CNC-1000,CNC,56.36,1.667,17.29,62.11,2937.6,3,28.21,51.49,0.1021,0
MCH-CNC-1000,CNC,54.24,2.046,20.21,39.47,3013.3,3,27.05,57.12,0.1201,0
MCH-CNC-1000,CNC,53.88,1.473,18.49,73.82,3084.5,3,21.86,65.37,0.0869,0
MCH-CNC-1000,CNC,54.82,1.684,17.5,70.4,3132.2,3,30.33,75.79,0.1567,0
MCH-CNC-1000,CNC,56.32,2.523,18.66,66.62,3190.9,3,26.81,55.8,0.3008,0
MCH-CNC-1000,CNC,57.97,1.647,19.17,58.47,3232.7,3,32.68,64.01,0.1702,0
MCH-CNC-1000,CNC,57.19,1.528,17.9,50.62,3278.8,3,25.93,73.13,0.0762,0
MCH-CNC-1000,CNC,52.9,1.696,18.05,50.27,3346.2,4,25.32,58.74,0.0216,0
MCH-CNC-1000,CNC,56.83,1.313,18.46,60.58,3415.9,4,29.66,74.39,0.1411,0
MCH-CNC-1000,CNC,53.23,2.177,15.63,71.81,3494.6,4,29.47,65.16,0.1266,0
MCH-CNC-1000,CNC,57.44,2.321,18.35,61.88,3547.7,4,29.08,44.64,0.1482,0
MCH-CNC-1000,CNC,54.54,2.115,19.5,51.53,3602.5,4,27.5,72.78,0.1398,0
MCH-CNC-1000,CNC,52.53,2.061,19.27,60.09,3661.3,4,33.32,65.28,0.0573,0
MCH-CNC-1000,CNC,56.66,18.0,17.69,43.97,3708.9,4,34.42,49.51,0.4504,1
MCH-CNC-1000,CNC,58.93,1.519,16.12,47.19,3754.1,4,24.82,60.28,0.1383,0
MCH-CNC-1000,CNC,55.83,1.576,14.53,60.43,3813.1,4,26.11,60.51,0.0817,0
MCH-CNC-1000,CNC,55.41,2.228,18.34,64.24,3862.2,4,25.18,52.84,0.1042,0
MCH-CNC-1000,CNC,57.46,1.882,18.78,57.87,3929.0,4,27.53,64.95,0.1021,0
MCH-CNC-1000,CNC,51.11,1.555,14.5,54.57,3986.4,4,31.0,51.58,0.0079,0
MCH-CNC-1000,CNC,58.27,2.398,17.9,70.83,4059.7,4,28.37,44.95,0.2531,0
MCH-CNC-1000,CNC,50.56,1.734,17.46,66.43,4127.8,4,34.88,38.41,0.1029,0
MCH-CNC-1000,CNC,51.88,2.142,17.8,45.35,4180.2,5,31.71,47.74,0.0125,0
MCH-CNC-1000,CNC,51.79,1.804,18.64,58.49,4253.5,5,29.31,59.34,0.0872,0
MCH-CNC-1000,CNC,53.97,1.557,19.6,57.35,4325.7,5,32.46,59.6,0.1027,0
MCH-CNC-1000,CNC,56.05,2.585,21.12,60.56,4381.2,5,28.64,67.91,0.3831,0
MCH-CNC-1000,CNC,56.0,1.992,18.47,53.33,4432.8,5,21.64,30.12,0.0771,0
MCH-CNC-1000,CNC,53.62,1.912,20.91,68.85,4500.1,5,24.15,59.17,0.1711,0
MCH-CNC-1000,CNC,54.15,2.056,18.93,57.29,4545.7,5,32.26,41.3,0.0648,0
MCH-CNC-1000,CNC,62.79,2.067,20.15,60.73,4593.6,5,30.32,54.32,0.381,0
MCH-CNC-1000,CNC,52.66,2.129,16.72,65.32,4633.9,5,32.34,59.4,0.1297,0
MCH-CNC-1000,CNC,56.36,1.907,19.4,45.35,4705.4,5,26.66,31.11,0.0708,0
MCH-CNC-1000,CNC,59.09,2.269,16.92,47.98,4772.0,5,16.14,48.48,0.2594,0
MCH-CNC-1000,CNC,56.3,1.832,120.0,47.51,4840.2,5,26.81,56.19,0.113,1
MCH-CNC-1000,CNC,56.03,2.2,16.97,67.18,4911.5,5,34.52,43.36,0.0938,0
MCH-CNC-1000,CNC,59.01,1.943,20.11,56.46,4969.8,5,33.82,56.58,0.2552,0
MCH-CNC-1000,CNC,59.69,1.891,16.59,56.41,5032.6,6,29.81,36.21,0.1513,0
MCH-CNC-1000,CNC,53.38,2.344,14.41,53.71,5078.1,6,21.25,45.09,0.1136,0
MCH-CNC-1000,CNC,54.46,1.924,17.76,61.63,5122.7,6,23.97,63.48,0.0273,0
MCH-CNC-1000,CNC,56.16,2.167,18.44,76.28,5189.5,6,27.65,51.32,0.185,0
MCH-CNC-1000,CNC,51.9,1.627,16.67,59.43,5248.3,6,29.34,55.61,0.0,0
MCH-CNC-1000,CNC,57.7,2.222,17.76,54.78,5310.9,6,30.19,57.26,0.1276,0
MCH-CNC-1000,CNC,54.8,2.079,16.65,61.52,5381.5,6,22.18,71.03,0.0,0
MCH-CNC-1000,CNC,54.24,2.109,14.39,50.75,5446.9,6,26.82,42.13,0.0898,0
MCH-CNC-1000,CNC,60.99,1.647,16.74,61.88,5509.1,6,34.44,40.33,0.2127,0
MCH-CNC-1000,CNC,60.46,1.504,16.08,56.61,5571.4,6,25.92,64.75,0.2336,0
MCH-CNC-1000,CNC,49.68,2.155,17.13,70.2,5623.6,6,25.49,47.36,0.1034,0
MCH-CNC-1000,CNC,57.29,2.134,15.47,64.3,5664.8,6,23.86,57.82,0.1754,0
MCH-CNC-1000,CNC,56.34,1.758,16.08,65.71,5722.3,6,28.97,47.63,0.0829,0
MCH-CNC-1000,CNC,53.68,2.01,18.4,55.04,5770.9,6,29.88,48.6,0.0447,0
MCH-CNC-1000,CNC,59.09,1.688,14.38,72.89,5827.2,6,38.2,50.14,0.2306,0
MCH-CNC-1000,CNC,54.07,1.914,17.72,51.09,5901.3,7,30.32,61.29,0.0121,0
MCH-CNC-1000,CNC,57.1,2.616,18.26,57.3,5950.7,7,27.43,62.38,0.283,0
MCH-CNC-1000,CNC,51.19,1.481,18.25,56.88,5993.0,7,35.39,52.91,0.079,0
MCH-CNC-1000,CNC,51.69,2.176,18.48,53.05,6044.3,7,28.71,69.55,0.1783,0
MCH-CNC-1000,CNC,49.92,1.995,16.65,57.26,6096.0,7,27.67,34.53,0.0877,0
MCH-CNC-1000,CNC,56.45,1.843,14.15,66.28,6162.5,7,29.09,46.43,0.0734,0
MCH-CNC-1000,CNC,57.51,2.105,21.57,63.36,6224.8,7,29.55,53.0,0.255,0
MCH-CNC-1000,CNC,56.88,2.376,17.22,56.52,6296.1,7,26.08,64.49,0.2057,0
MCH-CNC-1000,CNC,53.62,1.873,18.47,58.03,6362.7,7,31.81,27.98,0.0415,0
MCH-CNC-1000,CNC,52.65,1.304,16.55,52.68,6419.0,7,27.2,68.36,0.0278,0
MCH-CNC-1000,CNC,51.91,1.983,19.57,52.19,6491.5,7,24.36,61.7,0.0423,0
MCH-CNC-1000,CNC,56.94,1.996,19.05,51.72,6538.2,7,27.95,52.47,0.0614,0
MCH-CNC-1000,CNC,50.31,2.206,17.47,51.82,6579.1,7,27.62,68.54,0.1104,0
MCH-CNC-1000,CNC,50.51,1.723,20.19,62.26,6622.7,7,31.07,41.32,0.0,0
MCH-CNC-1000,CNC,56.34,2.017,18.82,58.5,6691.6,8,29.11,56.9,0.1005,0
MCH-CNC-1000,CNC,57.42,1.514,14.63,68.01,6750.1,8,32.75,42.75,0.1064,0
MCH-CNC-1000,CNC,55.3,2.279,20.7,64.13,6796.5,8,26.51,44.28,0.2829,0
MCH-CNC-1000,CNC,54.1,1.695,21.07,74.28,6856.6,8,32.54,43.95,0.2459,0
MCH-CNC-1000,CNC,180.0,2.133,19.87,65.08,6902.7,8,30.96,62.64,0.4966,1
MCH-CNC-1000,CNC,49.65,2.025,17.17,49.76,6970.5,8,34.73,75.75,0.0483,0
MCH-CNC-1000,CNC,55.77,2.405,18.02,61.62,7028.4,8,23.63,59.76,0.1663,0
MCH-CNC-1000,CNC,51.09,1.985,17.88,74.38,7083.6,8,31.58,55.14,0.0612,0
MCH-CNC-1000,CNC,55.13,1.939,16.38,58.79,7135.7,8,25.02,40.0,0.0405,0
MCH-CNC-1000,CNC,56.17,1.464,17.82,67.97,7200.9,8,32.24,67.31,0.0464,0
MCH-CNC-1000,CNC,52.46,1.675,18.52,63.03,7255.4,8,33.15,68.2,0.1325,0
MCH-CNC-1000,CNC,51.27,1.904,18.33,58.38,7298.9,8,25.69,58.03,0.0257,0
MCH-CNC-1000,CNC,53.12,2.093,17.4,61.95,7343.6,8,29.09,41.33,0.0917,0
MCH-CNC-1000,CNC,59.31,1.651,14.83,45.11,7422.1,8,28.12,55.37,0.0893,0
MCH-CNC-1000,CNC,58.64,1.198,18.59,72.49,7498.4,8,23.49,50.44,0.1755,0
MCH-CNC-1000,CNC,52.32,1.902,20.14,74.7,7566.4,9,26.66,77.86,0.1003,0
MCH-CNC-1000,CNC,60.26,1.972,18.2,62.92,7617.0,9,40.72,65.22,0.2861,0
MCH-CNC-1000,CNC,57.91,1.891,17.27,67.27,7695.8,9,28.12,58.34,0.1435,0
MCH-CNC-1000,CNC,56.01,2.127,15.09,65.33,7766.9,9,24.07,37.69,0.1516,0
MCH-CNC-1000,CNC,55.25,1.792,19.25,49.26,7835.6,9,26.37,47.98,0.0822,0
MCH-CNC-1000,CNC,55.84,1.698,19.09,60.5,7893.6,9,20.43,31.5,0.1133,0
MCH-CNC-1000,CNC,54.34,1.969,17.96,61.8,7944.5,9,31.79,41.67,0.0313,0
MCH-CNC-1000,CNC,51.72,2.087,19.87,56.55,7988.3,9,17.99,34.55,0.1192,0
MCH-CNC-1000,CNC,53.33,1.877,18.06,57.51,8064.4,9,32.2,46.89,0.0372,0
MCH-CNC-1000,CNC,56.44,1.539,18.58,60.82,8122.7,9,27.41,74.06,0.1241,0
MCH-CNC-1000,CNC,61.18,1.932,16.08,60.56,8170.8,9,23.7,45.98,0.2405,0
MCH-CNC-1000,CNC,56.67,1.813,19.48,69.26,8223.0,9,33.75,61.35,0.3023,0
MCH-CNC-1000,CNC,49.36,1.905,16.7,60.95,8286.2,9,25.71,53.01,0.1002,0
MCH-CNC-1000,CNC,54.49,2.124,17.65,60.61,8333.2,9,28.02,60.38,0.0104,0
MCH-CNC-1000,CNC,59.94,2.093,18.88,50.79,8407.5,10,27.65,66.28,0.2501,0
MCH-CNC-1000,CNC,55.63,2.266,18.74,69.6,8477.9,10,29.16,50.73,0.2027,0
MCH-CNC-1000,CNC,46.21,2.115,12.53,46.21,8546.6,10,29.81,60.73,0.1323,0
MCH-CNC-1000,CNC,52.86,2.411,17.27,77.94,8603.9,10,27.99,59.9,0.2502,0
MCH-CNC-1000,CNC,55.39,1.699,17.84,59.72,8669.0,10,22.54,51.93,0.061,0
MCH-CNC-1000,CNC,57.77,2.01,17.58,59.15,8732.4,10,28.89,62.4,0.0334,0
MCH-CNC-1000,CNC,51.88,2.331,17.38,48.67,8798.4,10,29.78,60.56,0.1028,0
MCH-CNC-1000,CNC,56.04,2.26,18.69,65.3,8841.7,10,22.38,58.97,0.294,0
MCH-CNC-1000,CNC,57.52,1.987,17.54,67.45,8898.4,10,33.92,76.53,0.1694,0
MCH-CNC-1000,CNC,55.74,2.222,19.55,61.7,8940.0,10,28.52,64.89,0.1672,0
MCH-CNC-1000,CNC,54.23,2.031,19.48,61.0,8999.8,10,29.36,63.04,0.1176,0
MCH-CNC-1000,CNC,59.05,2.308,16.81,72.76,9053.0,10,26.0,35.14,0.2851,0
MCH-CNC-1000,CNC,54.07,2.249,18.39,58.77,9098.8,10,30.48,59.08,0.1369,0
MCH-CNC-1000,CNC,58.72,2.457,15.77,58.8,9142.9,10,19.28,55.43,0.2625,0
MCH-CNC-1000,CNC,60.98,2.667,19.37,57.95,9206.4,11,29.94,48.66,0.4923,0
MCH-CNC-1000,CNC,61.16,2.183,20.41,67.62,9253.2,11,24.18,66.69,0.4004,0
MCH-CNC-1000,CNC,58.86,2.16,18.04,58.14,9330.2,11,30.17,43.53,0.2649,0
MCH-CNC-1000,CNC,55.19,2.367,19.63,82.25,9393.5,11,22.49,72.66,0.3565,0
MCH-CNC-1000,CNC,60.5,2.502,20.27,61.7,9447.4,11,33.82,49.52,0.5217,0
MCH-CNC-1000,CNC,57.69,2.487,18.13,66.82,9511.0,11,33.78,54.07,0.3474,0
MCH-CNC-1000,CNC,56.63,2.476,17.48,56.12,9551.9,11,28.91,70.83,0.3079,0
MCH-CNC-1000,CNC,58.57,3.014,20.37,62.46,9630.3,11,29.73,55.74,0.5491,0
MCH-CNC-1000,CNC,59.46,2.203,17.82,69.14,9689.5,11,26.89,47.85,0.2581,0
MCH-CNC-1000,CNC,63.43,2.715,19.28,73.97,9760.9,11,34.32,60.93,0.7057,1
MCH-CNC-1000,CNC,65.13,3.039,21.32,69.19,9804.2,11,30.08,41.83,0.8047,1
MCH-CNC-1000,CNC,57.69,2.501,22.49,71.37,9863.6,11,33.95,51.74,0.5288,0
MCH-CNC-1000,CNC,61.39,2.808,20.79,73.96,9923.3,11,26.55,59.22,0.6919,0
MCH-CNC-1000,CNC,63.82,2.818,19.68,63.25,10000.8,12,27.26,51.76,0.7418,1
MCH-CNC-1000,CNC,62.53,2.782,17.79,58.22,10063.6,12,26.95,46.77,0.6171,0
MCH-CNC-1000,CNC,62.68,3.281,21.16,65.92,10122.6,12,27.64,55.05,0.7264,1
MCH-CNC-1000,CNC,56.57,2.333,20.39,65.98,10173.3,12,30.76,60.68,0.2598,0
MCH-CNC-1000,CNC,66.95,3.281,21.61,73.81,10226.5,12,29.09,48.26,0.816,1
MCH-CNC-1000,CNC,64.58,3.012,23.68,46.75,10287.3,12,22.33,40.76,0.7801,1
MCH-CNC-1000,CNC,63.84,18.0,20.12,59.71,10344.9,12,37.83,76.62,0.7965,1
MCH-CNC-1000,CNC,61.51,2.516,21.56,58.86,10385.8,12,27.66,35.8,0.5972,0
MCH-CNC-1000,CNC,65.76,3.238,22.49,56.52,10458.8,12,31.42,45.4,0.7836,1
MCH-CNC-1000,CNC,65.63,2.754,21.53,70.26,10534.7,12,30.45,53.31,0.7459,1
MCH-CNC-1000,CNC,69.04,3.129,23.26,83.05,10580.3,12,35.84,40.26,0.8735,1
MCH-CNC-1000,CNC,70.83,2.927,20.28,63.93,10642.4,12,29.68,53.77,0.7643,1
MCH-CNC-1000,CNC,64.71,3.07,21.08,86.32,10686.8,12,29.19,65.64,0.874,1
MCH-CNC-1000,CNC,66.53,3.108,18.56,57.29,10753.7,12,20.76,28.0,0.7091,1
MCH-CNC-1000,CNC,71.42,3.348,24.6,71.84,10804.9,12,31.13,44.19,0.8949,1
MCH-CNC-1000,CNC,69.99,3.227,23.64,73.33,10871.3,13,25.8,41.53,0.898,1
MCH-CNC-1000,CNC,68.42,3.537,21.74,69.26,10940.4,13,30.28,62.42,0.778,1
MCH-CNC-1000,CNC,72.34,3.177,25.59,65.04,11011.1,13,32.18,55.82,0.8254,1
MCH-CNC-1000,CNC,63.44,3.465,20.86,77.27,11055.4,13,34.07,45.44,0.868,1
MCH-CNC-1000,CNC,67.05,3.367,24.5,69.47,11132.1,13,34.96,49.21,0.8543,1
MCH-CNC-1000,CNC,69.87,3.833,22.8,69.63,11181.3,13,27.54,44.97,0.7942,1
MCH-CNC-1000,CNC,71.88,3.811,25.91,81.86,11222.8,13,26.5,59.48,0.9452,1
MCH-CNC-1000,CNC,70.36,3.492,26.16,73.42,11285.0,13,27.13,69.32,0.8603,1
MCH-CNC-1000,CNC,64.6,3.95,23.96,72.76,11339.8,13,22.69,54.72,0.9154,1
MCH-CNC-1000,CNC,73.47,3.801,23.34,67.84,11413.0,13,19.48,58.09,0.8536,1
MCH-CNC-1000,CNC,66.63,3.59,22.4,63.52,11485.3,13,28.21,29.99,0.8207,1
MCH-CNC-1000,CNC,73.97,3.752,20.55,63.52,11538.0,13,32.93,21.66,0.8326,1
MCH-CNC-1000,CNC,6000.0,4.108,23.39,74.96,11616.1,13,30.26,77.03,0.8488,1
MCH-CNC-1000,CNC,73.55,3.46,26.32,65.89,11667.8,14,25.76,54.73,0.9027,1
MCH-CNC-1000,CNC,73.46,4.235,25.11,59.51,11728.4,14,27.5,63.9,0.8004,1
MCH-CNC-1000,CNC,69.91,4.246,25.21,75.76,11778.6,14,35.44,60.62,0.9151,1
MCH-CNC-1000,CNC,81.62,3.958,23.74,76.13,11856.1,14,29.76,48.68,0.9,1
MCH-CNC-1000,CNC,80.77,4.159,23.97,80.28,11902.6,14,27.56,51.97,0.8891,1
MCH-CNC-1000,CNC,70.32,4.206,28.07,76.93,11944.4,14,26.5,48.91,0.8619,1
MCH-CNC-1000,CNC,73.79,4.026,26.71,59.58,12001.8,14,31.45,50.44,0.8158,1
MCH-CNC-1000,CNC,71.53,4.576,27.34,81.37,12081.5,14,21.94,64.95,0.8763,1
MCH-CNC-1000,CNC,70.45,4.209,26.15,78.38,12157.2,14,28.71,58.49,0.9813,1
MCH-CNC-1000,CNC,79.3,3.395,25.26,72.86,12227.1,14,20.99,56.13,0.8578,1
MCH-CNC-1000,CNC,72.72,4.395,24.49,69.05,12302.8,14,33.91,48.49,0.9219,1
MCH-CNC-1000,CNC,70.72,4.892,26.9,73.21,12378.5,14,30.3,38.08,0.9252,1
MCH-CNC-1000,CNC,75.72,4.311,25.4,70.27,12439.3,14,30.78,58.07,0.8895,1
MCH-CNC-1000,CNC,77.02,4.565,25.64,92.99,12491.9,14,21.73,70.13,0.9267,1
MCH-CNC-1000,CNC,74.84,5.119,27.89,83.17,12562.8,15,28.11,52.39,0.9285,1
MCH-CNC-1000,CNC,78.93,4.909,26.81,68.35,12629.3,15,31.3,66.05,0.8963,1
MCH-CNC-1000,CNC,80.35,4.446,25.27,68.94,12684.2,15,21.46,57.84,0.8672,1
MCH-CNC-1000,CNC,77.15,3.68,24.93,85.1,12728.0,15,25.34,59.33,0.8643,1
MCH-CNC-1000,CNC,83.14,4.562,27.37,94.98,12797.8,15,34.07,51.32,0.8672,1
MCH-CNC-1000,CNC,78.2,4.797,26.91,73.46,12848.3,15,33.87,53.63,0.9561,1
MCH-CNC-1000,CNC,79.81,5.219,27.74,84.57,12925.8,15,25.1,44.75,0.8199,1
MCH-CNC-1000,CNC,82.85,4.734,25.4,66.23,12975.5,15,22.29,33.79,0.8592,1
MCH-CNC-1000,CNC,83.62,4.757,24.08,75.83,13020.4,15,27.35,80.15,0.8961,1
MCH-CNC-1000,CNC,79.43,5.312,28.27,82.11,13093.6,15,28.46,58.96,0.9277,1
MCH-CNC-1000,CNC,78.53,5.102,25.67,80.47,13139.7,15,28.71,47.6,0.8675,1
MCH-CNC-1000,CNC,79.44,4.556,27.34,69.26,13186.9,15,29.29,41.2,0.882,1
MCH-CNC-1000,CNC,78.12,4.747,27.06,88.93,13250.9,15,29.32,52.46,0.9379,1
MCH-CNC-1000,CNC,75.7,4.943,31.13,79.64,13325.9,15,28.27,61.58,1.0232,1
MCH-CNC-1000,CNC,76.39,4.49,28.58,73.1,13373.7,16,33.25,51.22,0.8997,1
MCH-CNC-1000,CNC,78.93,4.208,28.05,77.56,13426.1,16,26.3,67.95,0.9613,1
MCH-CNC-1000,CNC,82.58,4.432,29.46,83.75,13497.2,16,29.24,66.78,0.8759,1
MCH-CNC-1000,CNC,89.47,4.823,29.79,66.06,13576.1,16,24.28,73.2,0.9037,1
MCH-CNC-1000,CNC,86.32,5.221,28.64,90.71,13636.1,16,27.05,33.63,0.9368,1
MCH-CNC-1000,CNC,85.81,5.308,26.58,74.25,13681.9,16,25.67,50.61,0.8981,1
MCH-CNC-1000,CNC,82.63,5.009,30.22,86.76,13722.5,16,27.42,50.3,0.9394,1
MCH-CNC-1000,CNC,82.42,4.923,27.79,75.45,13771.6,16,23.35,56.94,0.9619,1
MCH-CNC-1000,CNC,80.46,5.313,29.0,83.51,13816.9,16,27.95,37.56,0.9365,1
MCH-CNC-1000,CNC,85.67,5.653,26.15,83.79,13884.0,16,32.76,53.16,0.9083,1
MCH-CNC-1000,CNC,83.82,5.348,27.17,62.51,13928.9,16,31.77,43.18,0.824,1
MCH-CNC-1000,CNC,82.13,4.999,29.47,75.67,13989.1,16,29.51,60.43,0.9337,1
MCH-CNC-1000,CNC,87.36,5.934,28.27,81.32,14056.9,16,32.53,70.17,0.9557,1
MCH-PUM-1001,Pump,51.33,2.378,13.51,65.65,1392.7,1,20.32,60.72,0.0,0
MCH-PUM-1001,Pump,50.12,2.884,11.66,51.18,1444.3,1,29.1,54.91,0.1409,0
MCH-PUM-1001,Pump,48.61,2.766,15.12,68.39,1516.2,1,26.96,29.71,0.1033,0
MCH-PUM-1001,Pump,53.67,2.758,12.94,69.72,1592.5,1,31.44,73.71,0.2519,0
MCH-PUM-1001,Pump,49.32,2.799,14.07,57.18,1664.6,1,29.66,61.94,0.0694,0
MCH-PUM-1001,Pump,50.66,2.397,15.77,58.7,1715.2,2,25.65,55.13,0.094,0
MCH-PUM-1001,Pump,45.51,1.976,11.55,65.23,1766.2,2,23.53,50.39,0.0,0
MCH-PUM-1001,Pump,6000.0,2.593,13.64,69.7,1816.4,2,29.9,46.7,0.4006,1
MCH-PUM-1001,Pump,51.18,1.941,14.79,57.41,1861.8,2,33.65,67.29,0.1154,0
MCH-PUM-1001,Pump,50.47,2.416,14.81,62.4,1939.5,2,28.94,65.46,0.116,0
MCH-PUM-1001,Pump,48.15,2.022,12.72,52.2,1995.6,2,30.92,76.71,0.1422,0
MCH-PUM-1001,Pump,45.12,2.79,15.71,61.8,2044.6,2,28.41,30.91,0.1682,0
MCH-PUM-1001,Pump,46.81,2.58,12.13,68.8,2118.5,2,32.1,45.6,0.1185,0
MCH-PUM-1001,Pump,43.53,2.393,13.3,54.14,2174.4,2,29.81,49.6,0.0,0
MCH-PUM-1001,Pump,48.34,2.929,14.72,150.0,2215.8,2,30.48,41.07,0.3177,1
MCH-PUM-1001,Pump,50.44,2.312,14.52,59.54,2262.3,2,30.04,61.62,0.0212,0
MCH-PUM-1001,Pump,53.57,1.281,13.26,72.18,2327.9,2,26.73,37.41,0.1527,0
MCH-PUM-1001,Pump,53.08,1.731,15.35,64.61,2399.2,2,23.23,48.0,0.1857,0
MCH-PUM-1001,Pump,52.6,2.793,11.94,62.17,2447.6,2,24.55,70.52,0.2089,0
MCH-PUM-1001,Pump,54.81,2.487,12.61,60.26,2524.3,3,24.79,39.7,0.1076,0
MCH-PUM-1001,Pump,46.32,1.628,13.54,52.38,2598.4,3,24.99,44.09,0.0,0
MCH-PUM-1001,Pump,56.0,2.523,14.29,52.57,2672.3,3,25.38,57.58,0.2413,0
MCH-PUM-1001,Pump,52.72,2.019,13.66,60.9,2721.4,3,28.66,47.31,0.0811,0
MCH-PUM-1001,Pump,49.29,2.206,14.58,66.67,2763.4,3,27.65,49.83,0.0,0
MCH-PUM-1001,Pump,49.29,2.377,14.13,76.88,2838.1,3,22.64,64.24,0.0746,0
MCH-PUM-1001,Pump,50.65,3.13,14.59,66.19,2890.4,3,25.76,55.37,0.2362,0
MCH-PUM-1001,Pump,47.64,2.384,14.24,59.63,2955.1,3,24.77,38.68,0.0281,0
MCH-PUM-1001,Pump,51.64,2.593,15.16,65.62,3025.5,3,29.57,58.65,0.1696,0
MCH-PUM-1001,Pump,48.41,3.386,13.46,60.34,3070.6,3,29.74,58.02,0.2864,0
MCH-PUM-1001,Pump,53.37,2.462,12.67,73.32,3141.9,3,30.5,39.83,0.131,0
MCH-PUM-1001,Pump,51.98,2.496,15.91,66.12,3219.4,3,27.89,47.08,0.1467,0
MCH-PUM-1001,Pump,51.43,2.506,13.05,65.91,3288.6,3,27.72,39.0,0.0991,0
MCH-PUM-1001,Pump,51.7,1.459,14.25,61.65,3346.2,4,33.23,49.08,0.0671,0
MCH-PUM-1001,Pump,48.81,2.545,14.88,61.76,3421.3,4,31.99,43.08,0.058,0
MCH-PUM-1001,Pump,52.77,2.764,16.3,59.66,3482.4,4,22.48,43.07,0.2152,0
MCH-PUM-1001,Pump,51.49,2.541,12.65,70.37,3552.2,4,23.1,68.91,0.1026,0
MCH-PUM-1001,Pump,51.1,2.733,13.41,52.33,3625.0,4,25.59,41.89,0.1267,0
MCH-PUM-1001,Pump,6000.0,2.609,14.46,62.84,3695.0,4,27.31,66.57,0.2717,1
MCH-PUM-1001,Pump,49.41,2.363,12.31,51.16,3746.5,4,26.95,55.68,0.0,0
MCH-PUM-1001,Pump,49.9,2.522,11.41,58.59,3791.2,4,29.63,59.64,0.0,0
MCH-PUM-1001,Pump,50.48,2.909,14.93,64.33,3840.7,4,26.13,47.45,0.2171,0
MCH-PUM-1001,Pump,50.59,2.752,14.16,70.73,3900.8,4,28.38,64.42,0.0675,0
MCH-PUM-1001,Pump,47.59,1.777,15.85,150.0,3961.0,4,21.14,46.43,0.1929,1
MCH-PUM-1001,Pump,49.16,2.295,15.68,57.67,4024.4,4,24.81,57.54,0.1189,0
MCH-PUM-1001,Pump,51.49,2.864,14.24,68.43,4080.2,4,26.96,55.75,0.1987,0
MCH-PUM-1001,Pump,50.65,2.809,14.67,65.31,4151.6,4,24.76,55.81,0.1364,0
MCH-PUM-1001,Pump,50.58,3.383,13.37,67.96,4228.2,5,32.27,56.18,0.3223,0
MCH-PUM-1001,Pump,48.87,2.63,13.04,62.54,4278.0,5,29.0,65.16,0.1014,0
MCH-PUM-1001,Pump,53.78,2.462,13.6,83.93,4347.5,5,29.58,46.37,0.2226,0
MCH-PUM-1001,Pump,47.17,2.875,13.56,65.89,4414.6,5,27.75,63.78,0.0413,0
MCH-PUM-1001,Pump,46.77,2.59,14.72,67.33,4475.5,5,24.76,63.13,0.1347,0
MCH-PUM-1001,Pump,48.44,2.122,15.56,69.43,4523.1,5,30.42,69.97,0.1366,0
MCH-PUM-1001,Pump,44.87,2.205,13.26,59.04,4594.9,5,23.69,51.4,0.0148,0
MCH-PUM-1001,Pump,51.01,2.521,14.58,68.55,4673.3,5,30.41,50.52,0.0232,0
MCH-PUM-1001,Pump,50.7,1.755,12.8,52.82,4742.2,5,28.07,53.54,0.0266,0
MCH-PUM-1001,Pump,56.03,2.72,14.87,58.48,4818.9,5,24.0,55.44,0.2707,0
MCH-PUM-1001,Pump,44.43,2.428,14.02,63.49,4898.3,5,24.75,48.53,0.0,0
MCH-PUM-1001,Pump,50.27,2.742,15.3,62.94,4952.3,5,26.18,60.25,0.1495,0
MCH-PUM-1001,Pump,48.7,2.816,15.18,74.04,5017.9,6,35.11,44.6,0.1989,0
MCH-PUM-1001,Pump,50.03,2.461,13.22,54.6,5076.8,6,28.37,45.78,0.0008,0
MCH-PUM-1001,Pump,47.62,2.06,14.28,66.06,5156.3,6,30.32,81.23,0.0855,0
MCH-PUM-1001,Pump,51.46,2.069,12.46,76.08,5200.0,6,24.31,42.47,0.1266,0
MCH-PUM-1001,Pump,49.73,2.139,13.63,73.61,5256.5,6,24.78,38.28,0.0396,0
MCH-PUM-1001,Pump,51.48,2.252,12.1,59.79,5331.6,6,27.78,68.99,0.0476,0
MCH-PUM-1001,Pump,49.75,2.77,11.14,72.24,5382.9,6,23.27,58.98,0.1138,0
MCH-PUM-1001,Pump,53.25,2.72,11.15,59.51,5454.4,6,28.55,52.66,0.174,0
MCH-PUM-1001,Pump,52.37,2.743,13.74,52.08,5509.7,6,26.18,60.0,0.188,0
MCH-PUM-1001,Pump,51.89,2.863,14.15,43.55,5588.9,6,22.89,77.63,0.1587,0
MCH-PUM-1001,Pump,44.05,2.994,14.02,72.73,5664.3,6,29.11,60.5,0.2617,0
MCH-PUM-1001,Pump,52.09,3.411,15.17,53.94,5716.3,6,29.79,68.7,0.4306,0
MCH-PUM-1001,Pump,48.72,2.966,15.11,150.0,5787.1,6,25.0,48.91,0.1921,1
MCH-PUM-1001,Pump,47.33,1.395,13.48,67.59,5840.6,7,26.03,78.22,0.0491,0
MCH-PUM-1001,Pump,53.87,2.605,14.99,66.95,5904.9,7,33.48,55.67,0.2798,0
MCH-PUM-1001,Pump,51.1,2.385,14.49,80.64,5971.2,7,26.92,60.03,0.1697,0
MCH-PUM-1001,Pump,53.42,2.505,11.14,68.62,6044.4,7,19.12,72.64,0.1395,0
MCH-PUM-1001,Pump,53.0,2.139,12.14,66.83,6085.4,7,27.87,49.1,0.1209,0
MCH-PUM-1001,Pump,58.3,2.834,15.26,70.91,6134.2,7,33.92,52.72,0.4804,0
MCH-PUM-1001,Pump,49.43,2.825,12.84,63.77,6202.7,7,25.23,73.02,0.1546,0
MCH-PUM-1001,Pump,51.95,2.749,13.96,66.38,6265.2,7,23.26,28.76,0.1031,0
MCH-PUM-1001,Pump,50.97,2.984,15.89,75.99,6325.0,7,24.01,50.77,0.3016,0
MCH-PUM-1001,Pump,57.6,3.092,15.34,62.29,6367.2,7,24.47,64.47,0.5568,0
MCH-PUM-1001,Pump,49.28,2.454,15.91,62.52,6421.2,7,18.24,61.05,0.112,0
MCH-PUM-1001,Pump,50.13,2.465,13.67,70.53,6495.8,7,21.87,48.8,0.1142,0
MCH-PUM-1001,Pump,48.16,1.856,14.8,72.86,6537.0,7,27.82,31.47,0.2153,0
MCH-PUM-1001,Pump,45.02,2.624,12.94,56.88,6592.9,7,26.23,52.8,0.0385,0
MCH-PUM-1001,Pump,51.77,2.322,15.18,66.97,6670.7,8,25.21,44.61,0.0923,0
MCH-PUM-1001,Pump,50.87,2.358,11.15,61.25,6712.7,8,24.4,73.91,0.0504,0
MCH-PUM-1001,Pump,45.68,2.944,15.63,59.79,6782.7,8,25.47,62.39,0.27,0
MCH-PUM-1001,Pump,44.42,2.388,15.86,61.95,6833.0,8,28.4,68.61,0.1647,0
MCH-PUM-1001,Pump,48.27,2.493,16.19,54.34,6907.7,8,32.11,42.78,0.2227,0
MCH-PUM-1001,Pump,49.27,2.117,12.82,66.93,6977.5,8,31.98,53.44,0.0421,0
MCH-PUM-1001,Pump,51.71,2.111,14.89,70.74,7052.9,8,38.41,50.49,0.1903,0
MCH-PUM-1001,Pump,52.31,2.828,13.36,62.18,7101.6,8,30.16,45.07,0.1666,0
MCH-PUM-1001,Pump,50.27,2.898,13.27,52.1,7162.8,8,20.33,39.89,0.046,0
MCH-PUM-1001,Pump,49.54,2.024,13.16,59.58,7234.0,8,26.24,70.87,0.0325,0
MCH-PUM-1001,Pump,50.05,2.316,13.48,67.29,7283.8,8,30.34,44.11,0.0,0
MCH-PUM-1001,Pump,43.91,2.585,14.91,63.04,7333.0,8,35.27,44.43,0.1341,0
MCH-PUM-1001,Pump,49.89,2.46,13.86,65.75,7374.1,8,31.39,71.53,0.0,0
MCH-PUM-1001,Pump,50.69,2.499,14.98,60.09,7452.5,8,31.06,45.86,0.0692,0
MCH-PUM-1001,Pump,56.63,2.451,11.37,61.16,7520.9,9,32.93,61.64,0.2593,0
MCH-PUM-1001,Pump,53.03,2.694,15.46,71.44,7586.3,9,34.09,59.31,0.3039,0
MCH-PUM-1001,Pump,49.08,2.259,16.05,66.51,7656.1,9,31.22,56.48,0.1321,0
MCH-PUM-1001,Pump,50.03,3.074,14.67,53.02,7717.3,9,27.14,76.39,0.3069,0
MCH-PUM-1001,Pump,51.63,2.414,11.84,78.25,7776.4,9,30.73,54.16,0.2106,0
MCH-PUM-1001,Pump,53.25,2.283,15.38,68.8,7834.4,9,28.98,56.75,0.184,0
MCH-PUM-1001,Pump,53.14,2.154,12.05,69.3,7900.0,9,30.52,60.76,0.2197,0
MCH-PUM-1001,Pump,49.04,2.815,13.95,61.59,7948.0,9,26.75,79.25,0.201,0
MCH-PUM-1001,Pump,51.5,1.828,13.87,61.96,8023.6,9,19.66,59.67,0.0724,0
MCH-PUM-1001,Pump,43.7,2.836,15.72,75.43,8096.0,9,29.44,55.55,0.2554,0
MCH-PUM-1001,Pump,55.39,2.991,13.0,66.65,8150.0,9,29.76,33.28,0.3456,0
MCH-PUM-1001,Pump,57.51,2.832,16.03,66.76,8213.1,9,27.71,59.58,0.4318,0
MCH-PUM-1001,Pump,48.15,3.121,16.04,58.78,8258.8,9,31.87,53.96,0.2834,0
MCH-PUM-1001,Pump,52.77,3.05,14.62,75.83,8337.7,10,29.24,62.49,0.4104,0
MCH-PUM-1001,Pump,58.22,2.878,15.51,54.94,8413.8,10,24.71,69.85,0.4851,0
MCH-PUM-1001,Pump,46.35,3.144,14.13,76.31,8490.7,10,27.65,57.46,0.251,0
MCH-PUM-1001,Pump,49.74,2.369,14.68,72.46,8544.0,10,22.68,34.98,0.0586,0
MCH-PUM-1001,Pump,50.97,2.647,12.82,62.16,8590.7,10,27.97,66.16,0.0778,0
MCH-PUM-1001,Pump,58.1,2.569,14.35,77.91,8639.2,10,28.85,48.38,0.3744,0
MCH-PUM-1001,Pump,57.54,3.467,14.32,67.09,8682.8,10,28.36,43.17,0.6006,0
MCH-PUM-1001,Pump,53.84,3.375,16.88,65.33,8727.6,10,27.14,62.97,0.4975,0
MCH-PUM-1001,Pump,55.94,2.921,14.4,61.17,8770.5,10,33.79,53.12,0.4031,0
MCH-PUM-1001,Pump,52.98,3.111,18.57,60.71,8850.0,10,20.41,70.44,0.4733,0
MCH-PUM-1001,Pump,54.81,2.798,16.15,61.69,8893.0,10,27.28,60.4,0.3695,0
MCH-PUM-1001,Pump,53.12,2.932,14.24,65.63,8938.3,10,28.48,50.21,0.3066,0
MCH-PUM-1001,Pump,55.51,2.846,16.92,78.88,9011.4,10,26.14,60.82,0.5338,0
MCH-PUM-1001,Pump,57.01,3.773,16.83,56.65,9074.6,10,29.82,69.79,0.6722,0
MCH-PUM-1001,Pump,59.25,2.909,14.57,70.29,9145.6,10,20.97,52.12,0.4351,0
MCH-PUM-1001,Pump,50.88,2.711,15.24,69.1,9210.8,11,26.54,71.79,0.1942,0
MCH-PUM-1001,Pump,58.44,3.319,17.08,63.75,9286.1,11,31.43,41.66,0.6868,0
MCH-PUM-1001,Pump,60.86,3.383,16.53,72.82,9351.7,11,16.55,58.63,0.7692,1
MCH-PUM-1001,Pump,57.5,3.62,16.78,62.28,9412.5,11,27.43,55.81,0.7102,1
MCH-PUM-1001,Pump,58.49,3.791,15.7,71.73,9481.0,11,33.16,34.18,0.826,1
MCH-PUM-1001,Pump,56.59,3.265,16.04,69.55,9538.9,11,35.37,39.83,0.5576,0
MCH-PUM-1001,Pump,54.79,4.142,16.71,70.8,9592.8,11,26.39,43.67,0.6492,0
MCH-PUM-1001,Pump,66.42,4.046,16.37,75.75,9651.5,11,24.67,33.68,0.7981,1
MCH-PUM-1001,Pump,6000.0,3.946,16.96,70.29,9698.3,11,31.0,59.7,0.7881,1
MCH-PUM-1001,Pump,54.88,3.611,18.95,63.31,9770.1,11,30.56,58.98,0.7158,1
MCH-PUM-1001,Pump,62.7,3.325,15.84,68.2,9820.6,11,31.56,48.5,0.5432,0
MCH-PUM-1001,Pump,54.97,4.342,18.9,77.56,9866.7,11,31.87,61.92,0.7423,1
MCH-PUM-1001,Pump,60.29,3.508,21.21,76.3,9916.6,11,26.14,60.59,0.8632,1
MCH-PUM-1001,Pump,65.64,3.453,18.78,80.11,9990.2,11,29.54,56.13,0.8089,1
MCH-PUM-1001,Pump,61.31,3.525,17.76,83.25,10043.5,12,27.57,45.57,0.8954,1
MCH-PUM-1001,Pump,65.13,4.064,19.11,71.33,10110.9,12,30.29,47.28,0.9392,1
MCH-PUM-1001,Pump,65.08,4.181,17.39,67.38,10185.2,12,28.43,75.71,0.8334,1
MCH-PUM-1001,Pump,6000.0,3.319,17.93,71.06,10228.3,12,26.32,48.59,0.7835,1
MCH-PUM-1001,Pump,58.48,4.22,19.73,79.75,10298.9,12,21.84,58.59,0.9689,1
MCH-PUM-1001,Pump,60.12,3.949,18.82,86.98,10351.2,12,35.7,35.03,0.9516,1
MCH-PUM-1001,Pump,60.82,4.376,20.25,67.36,10399.8,12,29.97,53.71,0.8306,1
MCH-PUM-1001,Pump,64.61,4.5,19.31,73.39,10467.4,12,32.38,61.96,0.9075,1
MCH-PUM-1001,Pump,62.27,3.642,18.67,70.46,10543.8,12,31.14,66.71,0.8882,1
MCH-PUM-1001,Pump,68.9,4.645,19.77,69.29,10595.6,12,34.3,54.27,0.8517,1
MCH-PUM-1001,Pump,63.94,3.78,17.85,79.71,10658.3,12,24.87,91.71,0.888,1
MCH-PUM-1001,Pump,61.53,4.378,21.57,75.97,10709.9,12,30.29,32.88,0.9441,1
MCH-PUM-1001,Pump,62.43,3.454,20.01,60.06,10772.1,12,22.71,48.55,0.7372,1
MCH-PUM-1001,Pump,67.19,4.372,21.07,81.27,10837.0,13,32.56,54.98,0.9546,1
MCH-PUM-1001,Pump,6000.0,4.345,19.65,73.91,10901.4,13,24.73,60.06,0.8739,1
MCH-PUM-1001,Pump,64.71,4.061,18.81,83.33,10966.3,13,28.31,44.65,0.9795,1
MCH-PUM-1001,Pump,65.36,3.802,21.62,72.96,11011.7,13,26.36,55.49,0.8228,1
MCH-PUM-1001,Pump,67.45,3.923,21.17,73.56,11079.5,13,35.55,54.99,0.8444,1
MCH-PUM-1001,Pump,68.81,5.218,22.54,90.01,11146.5,13,23.92,65.95,0.9593,1
MCH-PUM-1001,Pump,68.76,3.969,20.01,72.7,11213.8,13,31.59,64.61,0.825,1
MCH-PUM-1001,Pump,64.38,4.392,20.02,83.76,11256.7,13,32.71,67.68,0.9322,1
MCH-PUM-1001,Pump,60.56,3.848,22.75,75.1,11314.6,13,25.0,74.71,0.9406,1
MCH-PUM-1001,Pump,69.2,4.475,21.02,79.74,11371.0,13,34.4,60.07,0.8374,1
MCH-PUM-1001,Pump,72.99,4.163,22.21,76.33,11414.4,13,17.94,29.46,0.89,1
MCH-PUM-1001,Pump,71.42,4.714,21.66,92.29,11463.3,13,22.92,54.67,0.9686,1
MCH-PUM-1001,Pump,180.0,4.718,19.65,88.74,11521.0,13,25.27,79.38,0.9328,1
MCH-PUM-1001,Pump,70.36,4.732,20.99,79.94,11590.7,13,29.27,45.59,0.8578,1
MCH-PUM-1001,Pump,69.04,5.702,21.72,90.16,11640.2,13,27.22,58.11,0.912,1
MCH-PUM-1001,Pump,69.88,4.905,23.86,81.14,11713.4,14,33.53,62.69,0.8824,1
MCH-PUM-1001,Pump,71.39,5.815,21.5,74.46,11775.2,14,23.16,82.97,0.8846,1
MCH-PUM-1001,Pump,70.91,5.396,23.04,93.83,11845.6,14,21.81,51.82,0.9104,1
MCH-PUM-1001,Pump,66.34,5.359,22.02,85.48,11904.5,14,37.44,50.76,0.9223,1
MCH-PUM-1001,Pump,72.96,5.368,21.8,76.13,11964.5,14,32.23,59.54,0.9066,1
MCH-PUM-1001,Pump,71.36,4.193,21.14,91.29,12029.3,14,29.61,45.85,0.9893,1
MCH-PUM-1001,Pump,73.34,5.343,21.11,75.14,12106.4,14,29.09,53.8,0.8865,1
MCH-PUM-1001,Pump,69.96,5.23,24.18,84.67,12166.1,14,28.56,53.85,0.9714,1
MCH-PUM-1001,Pump,73.78,5.629,22.86,75.27,12227.2,14,26.03,57.41,0.9362,1
MCH-PUM-1001,Pump,75.8,5.372,24.2,91.7,12291.3,14,31.98,43.79,0.9095,1
MCH-PUM-1001,Pump,74.47,5.021,21.89,78.89,12360.8,14,26.1,46.94,0.9004,1
MCH-PUM-1001,Pump,78.58,5.319,26.36,83.41,12403.7,14,26.84,55.05,0.8941,1
MCH-PUM-1001,Pump,76.7,6.108,22.51,88.47,12464.3,14,28.83,36.15,0.8664,1
MCH-PUM-1001,Pump,79.54,4.972,23.64,70.62,12523.6,15,22.96,67.58,0.8718,1
MCH-PUM-1001,Pump,72.76,5.445,23.16,79.64,12600.4,15,30.96,41.06,0.8591,1
MCH-PUM-1001,Pump,76.9,5.779,25.4,78.52,12660.2,15,31.75,45.59,0.9174,1
MCH-PUM-1001,Pump,73.38,5.961,23.26,97.51,12718.9,15,30.37,42.81,0.8682,1
MCH-PUM-1001,Pump,79.47,5.888,24.09,83.96,12797.4,15,31.03,56.58,0.9304,1
MCH-PUM-1001,Pump,75.04,5.599,25.76,95.2,12855.4,15,31.12,58.45,0.8719,1
MCH-PUM-1001,Pump,75.83,5.482,23.45,75.39,12902.6,15,29.33,57.23,0.9062,1
MCH-PUM-1001,Pump,79.81,5.679,25.23,84.07,12951.3,15,29.65,46.29,0.9045,1
MCH-PUM-1001,Pump,80.53,5.352,24.76,80.24,12995.1,15,25.89,41.5,0.8785,1
MCH-PUM-1001,Pump,82.07,5.873,27.19,83.52,13035.1,15,40.13,52.27,0.9889,1
MCH-PUM-1001,Pump,78.02,5.845,25.96,84.29,13092.4,15,35.11,57.87,0.9242,1
MCH-PUM-1001,Pump,76.84,5.901,24.93,81.07,13163.2,15,24.89,87.06,0.9248,1
MCH-PUM-1001,Pump,75.54,5.492,25.16,89.39,13232.5,15,30.22,63.12,0.9284,1
MCH-PUM-1001,Pump,81.28,5.459,24.6,79.38,13273.8,15,23.25,67.77,0.9223,1
MCH-PUM-1001,Pump,83.54,5.864,26.41,73.71,13336.6,16,31.45,57.13,0.9197,1
MCH-PUM-1001,Pump,82.1,5.491,23.81,81.3,13382.8,16,30.26,63.28,0.9481,1
MCH-PUM-1001,Pump,78.36,5.635,25.31,76.99,13460.4,16,22.31,45.14,0.8655,1
MCH-PUM-1001,Pump,78.11,5.916,27.14,77.65,13507.1,16,27.17,67.3,0.9427,1
MCH-MOT-1002,Motor,58.02,1.92,23.65,65.72,4248.5,5,32.21,36.81,0.0781,0
MCH-MOT-1002,Motor,62.84,2.301,22.99,69.76,4309.8,5,19.22,30.73,0.2673,0
MCH-MOT-1002,Motor,58.57,1.468,22.13,70.69,4362.8,5,31.78,56.64,0.0278,0
MCH-MOT-1002,Motor,60.03,1.765,24.13,64.13,4407.0,5,39.26,59.5,0.1454,0
MCH-MOT-1002,Motor,62.1,2.363,23.59,60.37,4473.6,5,33.61,50.91,0.287,0
MCH-MOT-1002,Motor,54.88,1.958,20.7,70.6,4514.9,5,26.86,78.1,0.1273,0
MCH-MOT-1002,Motor,60.19,1.819,21.25,76.64,4565.9,5,26.68,49.94,0.0623,0
MCH-MOT-1002,Motor,57.85,1.789,18.84,74.23,4609.7,5,35.76,63.65,0.0465,0
MCH-MOT-1002,Motor,56.62,1.871,20.11,68.63,4657.3,5,31.09,56.22,0.0954,0
MCH-MOT-1002,Motor,54.74,1.386,22.98,82.38,4722.9,5,33.45,32.25,0.093,0
MCH-MOT-1002,Motor,63.75,1.336,21.39,76.57,4788.0,5,30.2,39.29,0.2377,0
MCH-MOT-1002,Motor,51.45,1.733,24.28,70.11,4844.9,5,26.0,65.67,0.0772,0
MCH-MOT-1002,Motor,65.24,2.062,24.16,74.4,4888.5,5,29.06,56.07,0.3296,0
MCH-MOT-1002,Motor,55.15,1.513,21.44,71.45,4945.8,5,33.76,54.5,0.1015,0
MCH-MOT-1002,Motor,64.32,1.731,23.19,68.54,4999.9,5,33.29,62.63,0.1745,0
MCH-MOT-1002,Motor,60.65,2.294,21.64,72.69,5068.7,6,30.18,42.56,0.2875,0
MCH-MOT-1002,Motor,54.42,1.612,24.15,72.14,5131.9,6,26.78,60.36,0.012,0
MCH-MOT-1002,Motor,60.05,1.997,20.55,70.24,5191.6,6,26.75,35.97,0.0774,0
MCH-MOT-1002,Motor,66.27,1.915,19.35,60.76,5251.0,6,27.55,73.73,0.2344,0
MCH-MOT-1002,Motor,65.23,1.906,22.94,61.99,5329.7,6,31.75,50.98,0.2584,0
MCH-MOT-1002,Motor,56.74,1.853,22.7,69.08,5399.9,6,29.62,51.8,0.0924,0
MCH-MOT-1002,Motor,66.42,2.115,20.48,73.41,5459.8,6,25.03,40.78,0.3339,0
MCH-MOT-1002,Motor,53.18,2.078,21.49,68.73,5519.0,6,29.64,61.97,0.1748,0
MCH-MOT-1002,Motor,62.87,1.834,19.49,68.98,5560.1,6,33.53,75.12,0.1433,0
MCH-MOT-1002,Motor,55.24,1.947,23.7,74.35,5637.8,6,31.14,59.36,0.0693,0
MCH-MOT-1002,Motor,59.82,1.617,18.2,72.04,5690.5,6,28.74,61.69,0.0945,0
MCH-MOT-1002,Motor,62.58,2.416,22.16,69.63,5740.8,6,29.24,79.39,0.3004,0
MCH-MOT-1002,Motor,60.81,1.56,20.91,69.7,5820.7,6,33.39,76.61,0.0773,0
MCH-MOT-1002,Motor,58.49,2.548,21.14,66.57,5889.5,7,20.9,71.75,0.3197,0
MCH-MOT-1002,Motor,69.67,1.383,24.92,70.42,5931.4,7,31.22,35.23,0.3365,0
MCH-MOT-1002,Motor,63.15,1.788,23.29,65.41,5973.9,7,25.68,49.44,0.0846,0
MCH-MOT-1002,Motor,60.53,1.244,23.72,77.15,6014.9,7,25.19,59.18,0.0438,0
MCH-MOT-1002,Motor,61.31,1.612,20.23,76.31,6078.9,7,27.74,79.27,0.0603,0
MCH-MOT-1002,Motor,56.3,2.168,23.26,74.36,6121.7,7,32.76,47.17,0.2632,0
MCH-MOT-1002,Motor,59.31,1.413,21.47,78.02,6199.1,7,28.95,38.85,0.0108,0
MCH-MOT-1002,Motor,66.66,1.773,20.71,68.36,6276.5,7,22.09,72.08,0.1516,0
MCH-MOT-1002,Motor,65.47,1.815,24.86,71.54,6338.4,7,31.41,63.63,0.2703,0
MCH-MOT-1002,Motor,61.39,1.73,25.83,64.56,6403.0,7,28.02,55.18,0.116,0
MCH-MOT-1002,Motor,58.28,1.894,21.66,60.51,6454.7,7,28.04,41.79,0.0365,0
MCH-MOT-1002,Motor,60.55,1.946,23.05,73.4,6497.3,7,20.27,38.67,0.1409,0
MCH-MOT-1002,Motor,55.81,1.983,20.63,70.48,6566.8,7,25.47,61.74,0.1098,0
MCH-MOT-1002,Motor,58.21,1.485,22.54,62.72,6610.8,7,29.71,86.52,0.0174,0
MCH-MOT-1002,Motor,62.87,1.774,18.12,62.07,6654.3,7,33.13,45.52,0.1087,0
MCH-MOT-1002,Motor,59.34,1.481,19.55,69.7,6706.7,8,24.43,46.11,0.0394,0
MCH-MOT-1002,Motor,62.09,1.73,21.64,73.58,6747.2,8,27.43,51.66,0.0413,0
MCH-MOT-1002,Motor,6000.0,1.756,22.16,65.31,6804.6,8,24.56,64.23,0.3218,1
MCH-MOT-1002,Motor,61.82,1.884,22.09,74.18,6872.9,8,31.74,65.93,0.1106,0
MCH-MOT-1002,Motor,65.55,1.869,23.26,71.69,6944.9,8,28.99,46.17,0.2303,0
MCH-MOT-1002,Motor,71.38,1.688,22.14,67.32,7009.1,8,26.05,73.53,0.333,0
MCH-MOT-1002,Motor,58.1,1.324,20.48,59.75,7083.0,8,30.53,88.6,0.0427,0
MCH-MOT-1002,Motor,53.33,2.07,20.55,77.8,7139.2,8,26.87,47.42,0.2069,0
MCH-MOT-1002,Motor,63.03,1.732,21.01,68.81,7213.2,8,22.91,59.76,0.1302,0
MCH-MOT-1002,Motor,58.22,2.028,22.61,73.54,7273.5,8,27.74,69.04,0.1916,0
MCH-MOT-1002,Motor,61.78,2.078,23.5,67.36,7322.4,8,22.62,60.04,0.2311,0
MCH-MOT-1002,Motor,64.36,1.519,20.19,72.76,7400.1,8,27.72,32.37,0.187,0
MCH-MOT-1002,Motor,6000.0,1.516,24.7,80.95,7451.1,8,23.14,51.05,0.4543,1
MCH-MOT-1002,Motor,58.03,1.657,25.1,67.75,7492.2,8,30.89,37.27,0.0494,0
MCH-MOT-1002,Motor,62.48,1.302,19.89,75.04,7541.9,9,27.8,51.17,0.0806,0
MCH-MOT-1002,Motor,59.12,1.89,23.97,54.25,7596.6,9,24.67,56.91,0.1057,0
MCH-MOT-1002,Motor,61.61,1.88,21.39,66.84,7650.6,9,27.02,68.78,0.0987,0
MCH-MOT-1002,Motor,59.75,1.855,25.12,68.2,7711.6,9,31.84,69.78,0.1631,0
MCH-MOT-1002,Motor,59.16,1.701,21.49,75.13,7786.9,9,28.92,57.82,0.0273,0
MCH-MOT-1002,Motor,56.13,2.443,21.64,65.35,7838.6,9,33.72,58.38,0.3669,0
MCH-MOT-1002,Motor,59.45,1.704,21.66,61.7,7899.5,9,27.65,58.55,0.0255,0
MCH-MOT-1002,Motor,60.34,1.1,21.81,86.44,7953.1,9,31.47,45.27,0.1355,0
MCH-MOT-1002,Motor,57.03,1.394,21.3,70.55,8025.9,9,20.51,41.21,0.0043,0
MCH-MOT-1002,Motor,58.37,1.918,19.57,74.28,8072.2,9,23.26,74.71,0.0674,0
MCH-MOT-1002,Motor,55.63,1.925,25.33,71.89,8116.4,9,30.25,55.21,0.1756,0
MCH-MOT-1002,Motor,58.04,1.436,19.44,72.41,8176.5,9,23.51,58.83,0.0452,0
MCH-MOT-1002,Motor,61.19,1.653,24.81,71.94,8243.4,9,32.94,45.93,0.1512,0
MCH-MOT-1002,Motor,56.08,1.676,21.48,65.64,8315.2,9,23.14,38.04,0.0953,0
MCH-MOT-1002,Motor,55.77,1.988,18.8,61.79,8378.8,10,35.16,47.36,0.1132,0
MCH-MOT-1002,Motor,62.57,1.999,18.96,68.61,8449.7,10,21.53,84.36,0.1776,0
MCH-MOT-1002,Motor,55.81,1.488,19.01,78.12,8505.4,10,37.69,49.29,0.1317,0
MCH-MOT-1002,Motor,51.05,1.727,21.37,66.09,8546.8,10,28.89,59.74,0.0279,0
MCH-MOT-1002,Motor,58.74,1.47,23.33,70.08,8591.4,10,31.55,64.48,0.1017,0
MCH-MOT-1002,Motor,54.26,1.573,19.89,74.53,8632.9,10,29.41,68.19,0.0151,0
MCH-MOT-1002,Motor,60.83,2.16,22.94,70.41,8686.1,10,33.92,56.38,0.1778,0
MCH-MOT-1002,Motor,56.65,2.011,24.47,69.7,8745.9,10,33.23,31.36,0.1941,0
MCH-MOT-1002,Motor,59.84,1.582,26.77,69.6,8800.2,10,26.37,55.31,0.1489,0
MCH-MOT-1002,Motor,56.96,2.095,20.74,65.03,8862.6,10,33.24,71.08,0.1321,0
MCH-MOT-1002,Motor,58.18,1.728,20.39,64.03,8921.8,10,23.82,47.58,0.0361,0
MCH-MOT-1002,Motor,53.75,1.866,22.47,80.2,8988.9,10,25.33,58.55,0.1359,0
MCH-MOT-1002,Motor,58.98,2.023,23.55,71.96,9055.6,10,26.98,50.71,0.1398,0
MCH-MOT-1002,Motor,56.78,1.613,19.75,72.64,9108.3,10,32.79,44.1,0.0378,0
MCH-MOT-1002,Motor,55.86,1.709,20.62,73.61,9162.2,10,25.28,67.14,0.0675,0
MCH-MOT-1002,Motor,57.4,1.424,22.51,75.37,9225.6,11,29.09,81.87,0.0525,0
MCH-MOT-1002,Motor,58.77,1.705,22.94,64.97,9289.5,11,32.67,59.34,0.0475,0
MCH-MOT-1002,Motor,62.75,2.317,22.34,69.32,9342.0,11,34.03,66.61,0.3441,0
MCH-MOT-1002,Motor,60.02,1.859,22.72,61.86,9395.3,11,21.83,44.35,0.0739,0
MCH-MOT-1002,Motor,57.42,1.99,21.66,71.18,9463.0,11,23.1,49.46,0.0924,0
MCH-MOT-1002,Motor,62.38,1.583,22.32,83.19,9528.9,11,27.93,46.68,0.1346,0
MCH-MOT-1002,Motor,60.37,1.755,21.94,61.34,9574.3,11,24.15,53.21,0.0016,0
MCH-MOT-1002,Motor,57.74,1.747,22.12,75.34,9632.0,11,27.6,59.79,0.064,0
MCH-MOT-1002,Motor,62.29,1.913,23.73,74.28,9707.7,11,30.35,53.82,0.2869,0
MCH-MOT-1002,Motor,64.25,1.604,20.74,71.09,9749.1,11,29.66,45.11,0.1661,0
MCH-MOT-1002,Motor,59.62,1.135,21.56,69.06,9823.3,11,27.36,71.99,0.0,0
MCH-MOT-1002,Motor,56.7,1.016,21.04,67.63,9869.9,11,25.96,68.29,0.0702,0
MCH-MOT-1002,Motor,60.31,1.689,24.05,69.88,9930.1,11,24.73,34.41,0.0663,0
MCH-MOT-1002,Motor,63.02,2.483,22.12,65.41,9987.1,11,23.26,61.62,0.3701,0
MCH-MOT-1002,Motor,62.2,2.045,22.87,68.68,10027.5,12,30.26,57.05,0.1854,0
MCH-MOT-1002,Motor,67.4,1.694,23.55,55.49,10104.1,12,33.11,72.63,0.3528,0
MCH-MOT-1002,Motor,62.24,1.968,20.71,73.28,10162.3,12,24.77,47.69,0.1242,0
MCH-MOT-1002,Motor,63.9,1.588,20.53,66.13,10240.5,12,30.93,43.0,0.1467,0
MCH-MOT-1002,Motor,62.99,1.774,24.02,68.17,10292.0,12,27.14,43.27,0.1322,0
MCH-MOT-1002,Motor,56.93,1.905,21.86,63.68,10366.6,12,25.56,71.59,0.1147,0
MCH-MOT-1002,Motor,55.96,1.892,21.71,90.72,10443.5,12,29.14,50.43,0.1859,0
MCH-MOT-1002,Motor,52.64,1.828,25.99,69.3,10505.8,12,21.07,50.25,0.2039,0
MCH-MOT-1002,Motor,61.5,1.548,20.63,66.64,10553.9,12,29.44,71.06,0.1132,0
MCH-MOT-1002,Motor,61.82,1.401,19.34,73.2,10621.3,12,22.62,52.29,0.0697,0
MCH-MOT-1002,Motor,55.45,1.493,21.81,73.02,10683.3,12,32.25,62.28,0.1855,0
MCH-MOT-1002,Motor,57.02,1.479,20.98,72.46,10761.1,12,29.35,29.8,0.0769,0
MCH-MOT-1002,Motor,64.82,1.824,19.17,84.13,10818.6,12,27.88,59.61,0.2184,0
MCH-MOT-1002,Motor,58.53,1.582,26.24,76.02,10869.4,13,31.29,61.92,0.2048,0
MCH-MOT-1002,Motor,65.11,1.547,22.57,60.16,10914.9,13,19.84,58.82,0.2,0
MCH-MOT-1002,Motor,52.04,1.962,26.24,78.34,10982.8,13,26.97,55.11,0.2828,0
MCH-MOT-1002,Motor,64.49,1.697,22.07,71.8,11061.8,13,30.22,53.4,0.1807,0
MCH-MOT-1002,Motor,60.2,2.214,24.42,72.86,11102.9,13,34.88,50.36,0.3362,0
MCH-MOT-1002,Motor,62.17,2.781,19.62,65.86,11172.6,13,29.68,59.77,0.4713,0
MCH-MOT-1002,Motor,57.33,2.071,24.32,74.23,11249.6,13,24.16,71.89,0.2026,0
MCH-MOT-1002,Motor,62.4,1.861,22.45,69.53,11292.6,13,30.56,55.37,0.2215,0
MCH-MOT-1002,Motor,55.52,1.545,19.9,65.49,11337.0,13,28.89,54.68,0.1207,0
MCH-MOT-1002,Motor,62.0,1.612,24.93,68.39,11404.7,13,26.27,60.79,0.2,0
MCH-MOT-1002,Motor,56.84,2.094,18.53,76.71,11470.6,13,34.04,50.57,0.2051,0
MCH-MOT-1002,Motor,64.48,1.66,23.74,65.97,11513.4,13,26.09,45.41,0.1935,0
MCH-MOT-1002,Motor,64.63,1.745,19.46,63.5,11586.8,13,29.58,77.13,0.1519,0
MCH-MOT-1002,Motor,58.45,2.03,21.52,67.73,11647.7,13,24.17,71.9,0.1293,0
MCH-MOT-1002,Motor,63.19,1.661,21.18,80.15,11724.0,14,25.14,46.84,0.0844,0
MCH-MOT-1002,Motor,61.66,1.667,18.85,64.81,11799.1,14,33.13,55.9,0.1546,0
MCH-MOT-1002,Motor,58.95,1.602,25.36,68.87,11871.6,14,26.23,68.15,0.1856,0
MCH-MOT-1002,Motor,57.62,1.803,22.0,71.56,11932.2,14,36.37,59.03,0.0077,0
MCH-MOT-1002,Motor,61.31,1.811,22.09,71.48,11982.3,14,27.89,54.37,0.1229,0
MCH-MOT-1002,Motor,57.83,1.516,28.05,65.7,12042.5,14,28.4,37.05,0.2028,0
MCH-MOT-1002,Motor,56.27,1.667,24.09,72.83,12086.6,14,30.27,33.75,0.1115,0
MCH-MOT-1002,Motor,55.23,2.259,24.04,73.46,12152.9,14,24.58,56.82,0.3103,0
MCH-MOT-1002,Motor,60.12,1.725,17.92,76.73,12198.3,14,27.68,49.18,0.0132,0
MCH-MOT-1002,Motor,61.43,1.532,17.49,72.44,12258.7,14,30.08,52.6,0.0946,0
MCH-MOT-1002,Motor,60.36,1.361,19.95,65.5,12300.9,14,31.38,50.65,0.0631,0
MCH-MOT-1002,Motor,67.82,1.906,22.68,67.78,12352.9,14,25.61,28.76,0.2871,0
MCH-MOT-1002,Motor,61.79,1.746,21.73,74.42,12402.2,14,21.78,47.92,0.055,0
MCH-MOT-1002,Motor,67.09,2.063,17.59,60.92,12467.0,14,27.47,49.33,0.3263,0
MCH-MOT-1002,Motor,67.78,1.894,22.95,65.85,12538.4,15,30.89,50.43,0.3359,0
MCH-MOT-1002,Motor,62.44,1.311,25.19,71.09,12580.7,15,33.12,42.09,0.2212,0
MCH-MOT-1002,Motor,55.35,1.875,22.13,67.21,12654.8,15,23.94,39.8,0.0669,0
MCH-MOT-1002,Motor,58.14,1.594,25.09,69.51,12729.2,15,33.08,48.6,0.2472,0
MCH-MOT-1002,Motor,59.78,1.291,24.86,69.19,12782.9,15,30.99,45.98,0.0915,0
MCH-MOT-1002,Motor,56.53,2.171,22.62,72.2,12849.2,15,33.43,68.88,0.2661,0
MCH-MOT-1002,Motor,54.31,1.591,19.99,74.37,12905.3,15,28.68,38.31,0.0809,0
MCH-MOT-1002,Motor,54.02,1.784,18.69,73.17,12951.5,15,29.51,77.9,0.1599,0
MCH-MOT-1002,Motor,58.31,2.045,19.2,64.23,13012.7,15,29.33,29.1,0.1569,0
MCH-MOT-1002,Motor,55.92,1.83,19.84,72.55,13056.1,15,28.08,71.8,0.1048,0
MCH-MOT-1002,Motor,56.93,1.726,19.31,72.44,13131.2,15,30.36,84.63,0.1021,0
MCH-MOT-1002,Motor,58.93,1.627,22.42,72.29,13208.2,15,27.79,68.04,0.0351,0
MCH-MOT-1002,Motor,63.94,1.962,21.98,68.11,13281.1,15,37.71,45.2,0.1891,0
MCH-MOT-1002,Motor,57.0,2.336,23.77,65.93,13343.6,16,30.05,58.09,0.2922,0
MCH-MOT-1002,Motor,63.03,1.917,22.43,69.75,13405.9,16,29.72,57.75,0.2174,0
MCH-MOT-1002,Motor,57.44,2.308,19.9,72.57,13485.3,16,26.72,76.11,0.2744,0
MCH-MOT-1002,Motor,57.06,1.509,22.65,61.76,13535.2,16,26.09,29.17,0.0564,0
MCH-MOT-1002,Motor,58.0,1.354,24.17,62.15,13578.2,16,31.19,46.59,0.1683,0
MCH-MOT-1002,Motor,63.0,1.498,20.17,73.63,13640.7,16,26.95,52.97,0.0586,0
MCH-MOT-1002,Motor,57.01,1.827,23.91,74.85,13693.9,16,27.36,51.53,0.0842,0
MCH-MOT-1002,Motor,55.78,1.896,21.72,70.45,13746.7,16,32.16,40.75,0.0,0
MCH-MOT-1002,Motor,60.75,1.589,24.86,75.45,13787.0,16,29.16,76.53,0.2355,0
MCH-MOT-1002,Motor,59.97,1.91,20.17,71.8,13850.9,16,23.57,63.29,0.1008,0
MCH-MOT-1002,Motor,61.09,1.244,20.07,73.39,13901.4,16,28.08,22.67,0.1318,0
MCH-MOT-1002,Motor,60.55,1.554,23.99,65.93,13949.0,16,25.25,59.3,0.1127,0
MCH-MOT-1002,Motor,66.49,1.908,22.92,74.75,13990.6,16,22.97,62.73,0.3373,0
MCH-MOT-1002,Motor,61.27,1.732,23.0,70.71,14045.1,16,15.71,57.15,0.1055,0
MCH-MOT-1002,Motor,61.78,1.769,25.28,71.87,14120.3,16,29.75,67.53,0.2165,0
MCH-MOT-1002,Motor,56.41,1.068,21.05,74.57,14173.8,17,26.59,64.61,0.0909,0
MCH-MOT-1002,Motor,65.15,1.711,22.94,73.04,14240.9,17,34.01,34.52,0.2405,0
MCH-MOT-1002,Motor,59.28,2.055,25.09,71.44,14311.2,17,26.83,64.09,0.3093,0
MCH-MOT-1002,Motor,58.56,1.899,24.36,81.34,14364.3,17,30.97,55.53,0.1564,0
MCH-MOT-1002,Motor,62.23,1.765,22.38,63.65,14437.2,17,33.19,41.32,0.1229,0
MCH-MOT-1002,Motor,60.39,2.397,21.15,66.0,14504.9,17,25.8,74.91,0.3044,0
MCH-MOT-1002,Motor,55.99,2.619,23.18,63.36,14567.2,17,27.83,55.81,0.3942,0
MCH-MOT-1002,Motor,67.36,1.917,20.92,74.72,14607.3,17,25.21,42.6,0.2774,0
MCH-MOT-1002,Motor,53.74,1.531,19.64,71.88,14648.7,17,23.2,17.28,0.0403,0
MCH-MOT-1002,Motor,58.11,1.618,25.04,66.32,14728.3,17,31.52,54.77,0.2026,0
MCH-MOT-1002,Motor,56.66,1.782,20.47,71.02,14799.6,17,27.06,43.66,0.0546,0
MCH-MOT-1002,Motor,61.71,1.666,22.29,69.5,14877.1,17,24.53,55.85,0.1977,0
MCH-MOT-1002,Motor,56.22,1.313,21.28,73.4,14953.2,17,25.22,85.25,0.1092,0
MCH-MOT-1002,Motor,65.22,2.039,25.71,65.28,14994.0,17,17.76,49.65,0.3519,0
MCH-MOT-1002,Motor,60.61,1.883,24.64,72.29,15065.7,18,31.2,43.73,0.2115,0
MCH-MOT-1002,Motor,66.46,1.83,20.75,66.27,15123.7,18,25.4,46.49,0.2194,0
MCH-MOT-1002,Motor,54.0,1.741,20.81,76.64,15195.3,18,29.17,58.18,0.1484,0
MCH-MOT-1002,Motor,59.52,1.908,23.43,69.44,15235.6,18,32.32,55.1,0.0964,0
MCH-MOT-1002,Motor,58.04,1.256,22.54,74.35,15287.1,18,30.3,60.07,0.0286,0
MCH-MOT-1002,Motor,56.77,1.966,22.85,66.63,15357.2,18,32.44,44.41,0.1647,0
MCH-MOT-1002,Motor,66.55,2.061,21.28,71.72,15428.9,18,28.62,22.05,0.35,0
MCH-MOT-1002,Motor,59.8,1.693,22.49,76.78,15493.7,18,26.71,42.31,0.1164,0
MCH-MOT-1002,Motor,58.69,1.753,21.42,83.45,15545.7,18,19.04,50.34,0.156,0
MCH-MOT-1002,Motor,56.88,2.07,23.63,69.71,15598.1,18,26.92,53.66,0.2211,0
MCH-MOT-1002,Motor,59.69,1.744,22.5,74.52,15676.8,18,23.08,42.39,0.0341,0
MCH-MOT-1002,Motor,63.47,1.875,23.01,61.42,15734.4,18,35.14,47.69,0.2204,0
MCH-MOT-1002,Motor,63.42,1.504,20.91,71.08,15792.3,18,39.43,58.61,0.2243,0
MCH-MOT-1002,Motor,64.82,1.91,20.02,76.36,15854.4,19,22.01,74.21,0.2624,0
MCH-MOT-1002,Motor,49.4,1.698,23.31,68.58,15910.7,19,30.86,44.8,0.0454,0
MCH-MOT-1002,Motor,59.71,1.809,21.3,77.36,15972.8,19,24.6,58.76,0.0889,0
MCH-MOT-1002,Motor,53.77,1.404,22.02,81.89,16030.1,19,30.32,34.29,0.1508,0
MCH-COM-1003,Compressor,62.74,2.661,25.86,81.46,2650.7,3,26.63,64.37,0.1451,0
MCH-COM-1003,Compressor,61.43,2.871,24.4,70.82,2728.4,3,29.71,57.82,0.0,0
MCH-COM-1003,Compressor,58.39,3.212,23.37,76.81,2781.3,3,31.12,39.75,0.0901,0
MCH-COM-1003,Compressor,71.7,3.176,24.16,69.4,2853.9,3,25.96,40.71,0.1689,0
MCH-COM-1003,Compressor,61.89,3.547,24.2,68.74,2923.9,3,26.29,23.51,0.1545,0
MCH-COM-1003,Compressor,64.32,3.412,21.23,150.0,2990.6,3,31.28,70.02,0.2439,1
MCH-COM-1003,Compressor,69.06,2.264,26.43,70.37,3067.4,3,21.39,41.51,0.1343,0
MCH-COM-1003,Compressor,61.7,3.188,21.38,62.24,3123.7,3,33.49,65.85,0.0986,0
MCH-COM-1003,Compressor,6000.0,3.51,25.84,75.89,3179.3,3,32.38,46.23,0.4906,1
MCH-COM-1003,Compressor,63.91,2.805,25.15,75.21,3225.8,3,23.81,64.62,0.0152,0
MCH-COM-1003,Compressor,64.13,2.852,25.72,62.29,3276.8,3,31.56,46.88,0.0,0
MCH-COM-1003,Compressor,63.09,2.976,28.83,73.34,3352.0,4,32.96,55.47,0.1835,0
MCH-COM-1003,Compressor,65.28,3.424,23.63,69.1,3411.0,4,25.45,56.2,0.1484,0
MCH-COM-1003,Compressor,67.84,3.652,23.05,70.6,3464.6,4,22.26,79.36,0.2623,0
MCH-COM-1003,Compressor,66.92,2.33,25.0,78.06,3513.3,4,26.99,67.91,0.0536,0
MCH-COM-1003,Compressor,61.21,18.0,23.24,84.64,3572.7,4,32.17,53.37,0.4559,1
MCH-COM-1003,Compressor,61.73,3.445,24.24,73.44,3641.3,4,30.44,52.74,0.2014,0
MCH-COM-1003,Compressor,65.04,3.398,28.29,78.51,3692.8,4,31.21,52.6,0.2145,0
MCH-COM-1003,Compressor,67.62,3.086,22.15,73.03,3763.1,4,27.67,48.87,0.0976,0
MCH-COM-1003,Compressor,66.92,3.687,25.53,75.49,3828.3,4,24.25,55.14,0.1882,0
MCH-COM-1003,Compressor,59.53,2.73,24.35,77.48,3899.8,4,29.85,48.02,0.0033,0
MCH-COM-1003,Compressor,64.27,1.565,24.03,81.47,3949.8,4,21.27,56.35,0.0075,0
MCH-COM-1003,Compressor,61.96,3.001,22.39,84.76,4015.1,4,27.67,55.56,0.074,0
MCH-COM-1003,Compressor,67.65,2.562,23.71,77.97,4061.2,4,25.5,29.59,0.0789,0
MCH-COM-1003,Compressor,59.08,3.808,25.35,69.57,4115.8,4,25.21,32.33,0.2218,0
MCH-COM-1003,Compressor,69.07,4.116,26.45,74.45,4184.7,5,26.27,43.52,0.3656,0
MCH-COM-1003,Compressor,180.0,4.058,27.79,64.56,4250.0,5,25.34,46.97,0.6024,1
MCH-COM-1003,Compressor,76.98,2.461,25.46,78.7,4297.5,5,27.99,56.32,0.29,0
MCH-COM-1003,Compressor,65.43,3.256,25.66,78.42,4371.9,5,33.65,66.24,0.1478,0
MCH-COM-1003,Compressor,60.31,2.7,24.56,76.51,4414.0,5,26.09,43.77,0.0,0
MCH-COM-1003,Compressor,58.4,2.883,22.06,69.0,4477.8,5,26.42,38.97,0.0217,0
MCH-COM-1003,Compressor,67.96,2.725,24.13,78.22,4557.2,5,25.14,45.61,0.0918,0
MCH-COM-1003,Compressor,68.54,3.301,26.85,63.14,4618.4,5,33.42,59.7,0.2397,0
MCH-COM-1003,Compressor,66.55,3.024,24.45,77.2,4690.4,5,26.75,65.41,0.0099,0
MCH-COM-1003,Compressor,62.83,4.022,23.75,73.57,4754.3,5,24.47,59.03,0.2767,0
MCH-COM-1003,Compressor,64.26,3.424,23.6,79.73,4825.6,5,31.29,67.66,0.1426,0
MCH-COM-1003,Compressor,77.97,3.527,25.65,69.74,4891.8,5,27.61,72.12,0.4521,0
MCH-COM-1003,Compressor,70.91,3.393,22.49,77.92,4959.4,5,23.03,37.15,0.1858,0
MCH-COM-1003,Compressor,67.09,3.452,25.99,78.19,5008.6,6,24.06,53.74,0.1632,0
MCH-COM-1003,Compressor,56.99,3.37,23.49,80.23,5078.2,6,32.43,47.57,0.1262,0
MCH-COM-1003,Compressor,62.36,2.077,25.25,72.17,5127.7,6,26.24,78.7,0.0928,0
MCH-COM-1003,Compressor,66.53,2.503,26.82,76.79,5207.0,6,29.52,43.66,0.1373,0
MCH-COM-1003,Compressor,68.71,3.885,25.96,69.62,5256.1,6,29.36,84.13,0.3559,0
MCH-COM-1003,Compressor,70.85,2.63,24.92,78.72,5305.6,6,29.59,45.8,0.1427,0
MCH-COM-1003,Compressor,68.95,3.596,28.02,85.82,5379.9,6,28.54,51.27,0.3438,0
MCH-COM-1003,Compressor,67.85,2.509,22.93,77.95,5429.6,6,27.29,54.68,0.113,0
MCH-COM-1003,Compressor,68.04,3.665,21.14,76.52,5484.1,6,30.78,36.68,0.2843,0
MCH-COM-1003,Compressor,61.64,3.011,28.26,87.14,5552.6,6,24.74,61.32,0.1882,0
MCH-COM-1003,Compressor,66.55,3.199,25.61,85.13,5599.0,6,32.41,42.28,0.2528,0
MCH-COM-1003,Compressor,68.57,3.157,27.26,76.13,5645.4,6,28.8,56.45,0.1807,0
MCH-COM-1003,Compressor,64.68,2.666,22.63,83.6,5704.8,6,30.02,54.64,0.08,0
MCH-COM-1003,Compressor,66.18,3.496,23.35,74.97,5754.6,6,31.47,31.77,0.101,0
MCH-COM-1003,Compressor,63.28,2.933,24.0,75.83,5804.0,6,35.69,51.11,0.0526,0
MCH-COM-1003,Compressor,72.98,2.725,120.0,75.03,5844.4,7,35.13,64.0,0.4484,1
MCH-COM-1003,Compressor,64.74,2.688,25.15,80.38,5899.2,7,27.95,51.2,0.0129,0
MCH-COM-1003,Compressor,68.97,3.613,23.67,70.99,5951.9,7,29.52,73.33,0.3001,0
MCH-COM-1003,Compressor,59.99,2.868,23.14,73.39,5993.1,7,34.42,37.93,0.0947,0
MCH-COM-1003,Compressor,62.44,2.586,25.57,78.72,6058.0,7,29.75,69.11,0.0417,0
MCH-COM-1003,Compressor,69.75,2.844,26.46,67.06,6123.1,7,28.02,57.84,0.1915,0
MCH-COM-1003,Compressor,58.66,3.015,22.83,78.03,6165.9,7,31.11,70.45,0.1214,0
MCH-COM-1003,Compressor,68.71,3.68,21.71,78.67,6218.6,7,31.83,51.9,0.3016,0
MCH-COM-1003,Compressor,68.77,2.4,24.64,74.76,6293.5,7,30.86,47.48,0.1486,0
MCH-COM-1003,Compressor,65.4,3.503,29.57,65.96,6356.8,7,29.26,41.96,0.1997,0
MCH-COM-1003,Compressor,61.25,2.663,23.82,74.54,6413.3,7,29.29,60.8,0.0528,0
MCH-COM-1003,Compressor,59.68,3.364,24.89,81.97,6471.9,7,25.17,35.77,0.1646,0
MCH-COM-1003,Compressor,70.18,3.08,24.6,69.78,6520.2,7,35.03,42.64,0.1263,0
MCH-COM-1003,Compressor,67.28,2.072,27.55,150.0,6592.7,7,31.6,61.7,0.2184,1
MCH-COM-1003,Compressor,64.44,2.512,25.97,79.84,6669.2,8,33.91,59.46,0.1175,0
MCH-COM-1003,Compressor,63.81,2.761,25.95,72.68,6745.6,8,29.08,42.27,0.0395,0
MCH-COM-1003,Compressor,67.54,3.443,23.03,79.02,6794.6,8,25.87,55.2,0.2504,0
MCH-COM-1003,Compressor,68.23,3.398,28.82,70.78,6847.0,8,24.06,46.33,0.3038,0
MCH-COM-1003,Compressor,55.58,2.896,23.91,79.7,6893.5,8,29.41,47.79,0.056,0
MCH-COM-1003,Compressor,67.89,2.616,24.01,61.65,6945.7,8,23.64,46.09,0.0849,0
MCH-COM-1003,Compressor,61.22,2.743,22.55,76.03,6999.1,8,29.7,59.83,0.0489,0
MCH-COM-1003,Compressor,58.84,2.69,24.19,72.58,7064.4,8,28.3,72.11,0.0671,0
MCH-COM-1003,Compressor,61.05,3.339,26.28,70.16,7112.0,8,31.4,53.08,0.1657,0
MCH-COM-1003,Compressor,66.82,3.108,24.54,74.78,7188.7,8,25.12,62.32,0.0793,0
MCH-COM-1003,Compressor,65.67,3.179,22.69,69.63,7232.9,8,19.16,61.78,0.1349,0
MCH-COM-1003,Compressor,65.53,3.185,26.2,67.78,7273.1,8,27.74,75.04,0.1492,0
MCH-COM-1003,Compressor,68.95,3.169,22.99,79.31,7347.3,8,27.37,61.73,0.1993,0
MCH-COM-1003,Compressor,64.31,3.082,25.49,77.96,7415.5,8,25.68,38.88,0.0777,0
MCH-COM-1003,Compressor,66.65,4.245,25.89,67.06,7469.7,8,24.91,61.11,0.394,0
MCH-COM-1003,Compressor,60.15,2.938,25.39,80.19,7533.5,9,26.63,36.23,0.0,0
MCH-COM-1003,Compressor,69.5,2.959,25.81,72.15,7582.5,9,24.62,67.32,0.1696,0
MCH-COM-1003,Compressor,66.96,3.751,22.89,71.69,7629.2,9,28.63,48.23,0.3098,0
MCH-COM-1003,Compressor,64.25,2.504,25.13,76.02,7688.1,9,31.74,59.72,0.0568,0
MCH-COM-1003,Compressor,66.28,2.906,23.57,76.73,7742.2,9,26.67,75.28,0.0812,0
MCH-COM-1003,Compressor,67.53,3.189,24.82,67.43,7806.8,9,27.14,56.22,0.106,0
MCH-COM-1003,Compressor,66.88,18.0,23.62,70.9,7855.5,9,33.8,64.25,0.4507,1
MCH-COM-1003,Compressor,64.57,2.949,25.06,77.84,7922.0,9,38.14,57.28,0.0639,0
MCH-COM-1003,Compressor,58.25,2.758,27.46,77.41,7992.7,9,10.44,63.09,0.1638,0
MCH-COM-1003,Compressor,57.02,3.76,19.46,80.63,8039.4,9,27.97,26.8,0.1971,0
MCH-COM-1003,Compressor,69.6,3.182,26.17,72.53,8081.1,9,20.55,63.3,0.1946,0
MCH-COM-1003,Compressor,69.52,2.006,21.97,69.92,8138.7,9,21.63,55.53,0.1102,0
MCH-COM-1003,Compressor,59.28,3.389,26.2,71.71,8209.7,9,27.31,31.6,0.2223,0
MCH-COM-1003,Compressor,65.03,3.084,25.76,76.47,8275.7,9,26.94,58.43,0.0715,0
MCH-COM-1003,Compressor,64.62,3.159,24.63,71.12,8343.8,10,30.09,48.34,0.0485,0
MCH-COM-1003,Compressor,65.11,2.848,24.34,71.95,8399.9,10,21.42,59.59,0.0,0
MCH-COM-1003,Compressor,68.4,2.734,28.79,72.72,8449.3,10,24.5,43.08,0.1735,0
MCH-COM-1003,Compressor,71.13,3.686,26.2,69.62,8510.6,10,35.25,50.78,0.3996,0
MCH-COM-1003,Compressor,70.75,3.329,29.4,76.49,8558.7,10,26.41,47.66,0.3853,0
MCH-COM-1003,Compressor,63.89,3.572,26.2,75.12,8627.8,10,24.02,57.72,0.168,0
MCH-COM-1003,Compressor,66.72,3.083,23.41,80.2,8675.7,10,15.47,59.59,0.0969,0
MCH-COM-1003,Compressor,59.29,2.915,25.11,72.45,8727.3,10,32.15,60.67,0.1214,0
MCH-COM-1003,Compressor,68.84,3.08,31.6,76.36,8787.6,10,28.78,34.47,0.4159,0
MCH-COM-1003,Compressor,70.57,2.439,21.05,75.87,8847.0,10,33.48,55.51,0.2257,0
MCH-COM-1003,Compressor,58.87,3.369,26.81,65.21,8911.1,10,32.54,64.19,0.2419,0
MCH-COM-1003,Compressor,68.97,3.505,26.65,81.33,8968.6,10,20.72,36.99,0.3885,0
MCH-COM-1003,Compressor,66.44,3.408,26.38,83.05,9045.4,10,32.59,44.53,0.3393,0
MCH-COM-1003,Compressor,63.89,3.156,26.5,56.12,9119.0,10,37.64,61.8,0.1231,0
MCH-COM-1003,Compressor,75.32,3.112,26.24,73.87,9194.1,11,34.61,53.74,0.3128,0
MCH-COM-1003,Compressor,72.75,3.614,25.99,83.68,9259.3,11,38.15,58.81,0.5279,0
MCH-COM-1003,Compressor,68.95,4.012,25.03,75.57,9324.7,11,21.85,40.79,0.3196,0
MCH-COM-1003,Compressor,68.37,4.277,27.42,72.0,9389.1,11,25.09,71.5,0.4335,0
MCH-COM-1003,Compressor,69.03,3.207,28.72,71.73,9446.5,11,29.57,82.27,0.2521,0
MCH-COM-1003,Compressor,66.14,3.669,25.65,69.55,9499.3,11,30.8,68.41,0.238,0
MCH-COM-1003,Compressor,68.06,3.019,26.41,74.77,9563.0,11,23.96,77.71,0.08,0
MCH-COM-1003,Compressor,72.19,3.977,28.38,75.89,9604.0,11,29.09,51.77,0.4633,0
MCH-COM-1003,Compressor,71.59,3.38,24.3,79.47,9644.3,11,27.18,32.32,0.2736,0
MCH-COM-1003,Compressor,74.41,4.871,26.3,75.58,9718.4,11,23.56,57.5,0.585,0
MCH-COM-1003,Compressor,67.63,3.555,23.25,84.6,9760.3,11,24.92,54.58,0.3172,0
MCH-COM-1003,Compressor,68.87,3.539,27.3,82.14,9821.3,11,33.76,63.79,0.3674,0
MCH-COM-1003,Compressor,77.32,3.999,27.38,85.54,9885.9,11,32.29,62.78,0.7012,0
MCH-COM-1003,Compressor,68.49,3.613,29.13,79.59,9933.8,11,32.55,70.78,0.4296,0
MCH-COM-1003,Compressor,77.01,3.267,28.66,76.29,10009.6,12,21.4,51.55,0.472,0
MCH-COM-1003,Compressor,74.35,4.83,28.17,94.85,10057.2,12,28.71,55.27,0.8194,1
MCH-COM-1003,Compressor,77.28,3.606,26.64,88.08,10132.6,12,32.63,68.58,0.6064,0
MCH-COM-1003,Compressor,72.96,3.863,29.63,89.93,10203.1,12,29.47,78.7,0.6276,0
MCH-COM-1003,Compressor,72.55,4.343,31.6,92.83,10252.7,12,32.75,55.31,0.7202,1
MCH-COM-1003,Compressor,76.12,4.801,29.17,83.79,10298.8,12,28.21,51.07,0.8169,1
MCH-COM-1003,Compressor,71.93,3.919,28.7,91.59,10351.4,12,27.04,55.63,0.547,0
MCH-COM-1003,Compressor,77.34,4.719,31.8,82.73,10407.3,12,30.3,53.16,0.8803,1
MCH-COM-1003,Compressor,76.05,4.101,28.95,84.45,10457.2,12,26.82,52.09,0.705,0
MCH-COM-1003,Compressor,85.96,3.505,26.28,76.22,10537.1,12,27.59,65.75,0.4238,0
MCH-COM-1003,Compressor,76.14,4.407,27.53,80.72,10586.3,12,27.92,35.99,0.7255,1
MCH-COM-1003,Compressor,71.29,4.561,29.53,86.07,10659.5,12,20.64,37.2,0.714,1
MCH-COM-1003,Compressor,64.99,4.827,25.52,87.69,10705.9,12,24.45,67.59,0.4766,0
MCH-COM-1003,Compressor,67.34,4.598,25.67,85.42,10785.1,12,27.17,56.56,0.5148,0
MCH-COM-1003,Compressor,79.88,3.562,31.89,80.63,10834.1,13,22.39,74.14,0.6211,0
MCH-COM-1003,Compressor,84.71,4.932,27.93,82.8,10891.0,13,28.48,73.32,0.8146,1
MCH-COM-1003,Compressor,78.11,4.257,29.55,91.36,10953.3,13,28.01,50.26,0.788,1
MCH-COM-1003,Compressor,75.52,3.692,28.27,92.75,10998.2,13,27.17,63.45,0.5883,0
MCH-COM-1003,Compressor,80.33,4.348,28.94,85.07,11070.8,13,26.02,29.51,0.8123,1
MCH-COM-1003,Compressor,79.36,4.307,28.09,75.38,11121.8,13,28.9,74.36,0.7502,1
MCH-COM-1003,Compressor,73.18,4.613,30.04,89.61,11183.8,13,30.43,19.17,0.8159,1
MCH-COM-1003,Compressor,75.03,3.825,29.89,87.12,11245.8,13,21.44,63.45,0.6545,0
MCH-COM-1003,Compressor,79.56,4.138,28.43,91.03,11309.9,13,21.96,67.77,0.6876,0
MCH-COM-1003,Compressor,79.31,3.753,30.22,88.78,11352.1,13,22.65,60.98,0.7688,1
MCH-COM-1003,Compressor,77.45,5.07,26.23,87.41,11398.8,13,34.48,72.28,0.7092,1
MCH-COM-1003,Compressor,79.14,4.361,30.15,88.81,11445.3,13,24.77,64.09,0.8711,1
MCH-COM-1003,Compressor,80.43,4.042,28.19,90.43,11497.4,13,27.76,65.52,0.8175,1
MCH-COM-1003,Compressor,84.32,4.671,29.53,83.59,11543.2,13,23.21,78.87,0.8482,1
MCH-COM-1003,Compressor,83.9,4.517,29.02,84.82,11620.0,13,32.4,48.75,0.8451,1
MCH-COM-1003,Compressor,82.27,5.071,34.53,88.57,11680.6,14,30.58,63.63,0.9227,1
MCH-COM-1003,Compressor,78.13,4.315,28.7,91.45,11745.5,14,29.16,55.95,0.8206,1
MCH-COM-1003,Compressor,90.53,4.446,35.59,78.2,11799.8,14,24.75,28.57,0.9209,1
MCH-COM-1003,Compressor,78.23,4.392,28.87,91.79,11850.9,14,30.85,76.74,0.819,1
MCH-COM-1003,Compressor,83.83,4.32,31.06,84.23,11911.0,14,29.86,67.2,0.8048,1
MCH-COM-1003,Compressor,79.91,5.499,31.77,85.62,11962.8,14,25.17,48.28,0.8678,1
MCH-COM-1003,Compressor,84.84,5.123,31.46,100.0,12016.5,14,33.22,46.35,1.0047,1
MCH-COM-1003,Compressor,83.08,5.144,30.7,90.65,12074.6,14,33.81,39.24,0.8927,1
MCH-COM-1003,Compressor,180.0,4.889,36.22,94.26,12134.8,14,31.78,51.83,0.9491,1
MCH-COM-1003,Compressor,87.72,5.388,34.92,87.2,12214.2,14,27.43,57.04,0.9345,1
MCH-COM-1003,Compressor,79.04,5.547,32.43,82.34,12263.2,14,19.66,53.36,0.8949,1
MCH-COM-1003,Compressor,91.94,5.392,36.52,88.66,12322.7,14,31.81,49.59,0.9493,1
MCH-COM-1003,Compressor,82.86,4.22,35.29,85.29,12368.7,14,24.79,40.84,0.8737,1
MCH-COM-1003,Compressor,92.95,6.333,29.52,87.24,12422.7,14,23.86,66.86,0.8709,1
MCH-COM-1003,Compressor,83.68,5.358,32.0,99.28,12491.3,14,30.19,63.04,0.9154,1
MCH-COM-1003,Compressor,86.28,6.399,35.73,78.73,12538.3,15,26.75,40.58,0.8505,1
MCH-COM-1003,Compressor,87.85,5.009,33.27,74.4,12601.6,15,23.66,55.44,0.8108,1
MCH-COM-1003,Compressor,79.44,5.238,35.35,81.56,12658.2,15,28.92,55.79,0.9643,1
MCH-COM-1003,Compressor,86.61,5.378,35.16,82.53,12700.3,15,27.12,49.53,0.845,1
MCH-COM-1003,Compressor,91.25,5.777,32.07,91.53,12777.6,15,33.96,45.02,0.9508,1
MCH-COM-1003,Compressor,87.41,5.504,30.43,99.4,12834.2,15,24.9,67.31,0.8565,1
MCH-COM-1003,Compressor,86.01,6.178,35.8,92.42,12905.5,15,31.04,51.54,0.9349,1
MCH-COM-1003,Compressor,86.19,6.059,32.55,100.0,12962.2,15,26.74,55.25,0.914,1
MCH-COM-1003,Compressor,89.26,5.494,34.0,96.98,13039.7,15,25.35,53.49,0.9527,1
MCH-COM-1003,Compressor,92.95,5.629,37.8,90.9,13091.3,15,27.05,52.95,0.9422,1
MCH-COM-1003,Compressor,85.67,5.449,36.58,91.86,13147.8,15,26.06,69.72,0.9845,1
MCH-COM-1003,Compressor,95.16,5.323,33.44,100.0,13218.1,15,28.96,51.79,0.9822,1
MCH-COM-1003,Compressor,94.5,5.5,34.99,98.07,13271.9,15,23.36,55.15,0.9239,1
MCH-COM-1003,Compressor,86.86,5.54,35.63,90.8,13326.5,15,25.41,55.62,0.877,1
MCH-COM-1003,Compressor,92.84,6.423,34.64,91.74,13406.3,16,29.49,30.66,0.8906,1
MCH-COM-1003,Compressor,103.86,5.832,34.68,97.65,13468.5,16,34.58,66.7,0.9622,1
MCH-COM-1003,Compressor,94.03,7.215,36.29,86.48,13536.1,16,29.13,39.63,0.9003,1
MCH-COM-1003,Compressor,88.28,6.001,33.45,90.35,13601.8,16,33.94,56.24,0.9387,1
MCH-COM-1003,Compressor,87.85,5.064,32.78,94.53,13674.9,16,31.92,48.28,0.9163,1
MCH-COM-1003,Compressor,89.89,5.917,33.25,100.0,13749.4,16,36.39,33.86,1.0066,1
MCH-COM-1003,Compressor,98.14,5.348,36.66,100.0,13811.9,16,28.31,61.6,0.8739,1
MCH-COM-1003,Compressor,101.2,6.076,34.59,89.01,13863.7,16,31.91,38.54,0.8925,1
MCH-COM-1003,Compressor,94.15,5.891,36.34,100.0,13904.6,16,27.51,49.78,0.8856,1
MCH-COM-1003,Compressor,95.02,6.898,36.23,93.49,13969.2,16,20.87,35.56,0.9205,1
MCH-COM-1003,Compressor,95.91,5.533,38.53,95.39,14042.2,16,27.02,44.87,0.979,1
MCH-COM-1003,Compressor,91.5,5.757,38.52,97.56,14100.2,16,27.06,62.7,0.9221,1
MCH-COM-1003,Compressor,96.57,5.877,40.41,92.18,14146.8,16,34.22,52.73,0.9446,1
MCH-COM-1003,Compressor,98.3,6.895,34.71,100.0,14198.3,17,35.39,51.9,0.9747,1
MCH-COM-1003,Compressor,93.6,6.184,39.93,90.08,14258.7,17,24.23,74.33,0.911,1
MCH-COM-1003,Compressor,104.5,6.168,36.89,92.36,14332.2,17,28.57,33.71,0.9433,1
MCH-COM-1003,Compressor,97.64,6.4,35.97,91.18,14379.1,17,30.91,40.95,0.9375,1
MCH-COM-1003,Compressor,104.97,7.207,33.87,93.56,14443.6,17,29.69,54.16,0.8895,1
MCH-CNC-1004,CNC,60.15,2.236,19.82,55.12,1225.7,1,25.9,52.18,0.2998,0
MCH-CNC-1004,CNC,51.98,2.38,19.33,57.55,1274.8,1,30.57,57.67,0.2174,0
MCH-CNC-1004,CNC,50.97,1.956,17.91,64.99,1332.9,1,25.49,25.0,0.0767,0
MCH-CNC-1004,CNC,54.82,2.019,20.53,64.66,1387.1,1,28.33,54.61,0.1735,0
MCH-CNC-1004,CNC,53.23,1.958,16.37,71.35,1431.8,1,29.57,46.51,0.14,0
MCH-CNC-1004,CNC,56.53,1.925,17.2,54.77,1509.5,1,29.36,50.7,0.0757,0
MCH-CNC-1004,CNC,50.99,2.023,17.73,57.43,1567.1,1,28.8,63.98,0.0046,0
MCH-CNC-1004,CNC,56.66,1.928,17.15,51.65,1634.7,1,25.63,55.24,0.0549,0
MCH-CNC-1004,CNC,55.29,1.71,15.51,66.56,1697.7,2,26.1,44.96,0.0377,0
MCH-CNC-1004,CNC,56.27,2.412,17.4,58.28,1757.8,2,32.29,33.27,0.1957,0
MCH-CNC-1004,CNC,62.33,1.188,17.85,54.25,1822.4,2,26.94,49.98,0.2497,0
MCH-CNC-1004,CNC,54.66,1.727,17.74,64.12,1898.4,2,23.27,35.25,0.041,0
MCH-CNC-1004,CNC,53.07,1.959,17.4,64.38,1966.3,2,35.09,61.96,0.0,0
MCH-CNC-1004,CNC,50.85,1.88,17.6,46.22,2027.6,2,31.28,41.96,0.0588,0
MCH-CNC-1004,CNC,60.46,1.926,18.66,50.14,2093.4,2,30.49,49.02,0.1334,0
MCH-CNC-1004,CNC,54.13,1.86,17.51,67.6,2157.7,2,24.86,75.82,0.0419,0
MCH-CNC-1004,CNC,59.85,1.695,18.0,56.08,2215.0,2,26.63,64.62,0.21,0
MCH-CNC-1004,CNC,58.57,1.879,18.28,53.74,2280.0,2,24.03,41.24,0.1533,0
MCH-CNC-1004,CNC,55.75,1.426,17.93,72.13,2337.8,2,32.49,47.98,0.079,0
MCH-CNC-1004,CNC,56.38,1.305,19.67,58.29,2408.1,2,35.33,34.28,0.2078,0
MCH-CNC-1004,CNC,54.7,1.901,15.95,64.77,2486.8,2,30.7,76.42,0.0296,0
MCH-CNC-1004,CNC,53.22,1.699,15.95,71.79,2565.2,3,24.89,72.76,0.0,0
MCH-CNC-1004,CNC,54.62,2.158,18.49,57.55,2638.0,3,30.64,54.81,0.1111,0
MCH-CNC-1004,CNC,57.09,1.957,16.8,64.8,2702.1,3,27.74,60.87,0.0266,0
MCH-CNC-1004,CNC,51.37,2.521,20.32,67.07,2772.1,3,26.45,51.4,0.2852,0
MCH-CNC-1004,CNC,53.94,1.81,20.81,59.62,2819.2,3,35.07,38.22,0.1524,0
MCH-CNC-1004,CNC,61.21,2.009,17.6,50.66,2878.4,3,32.33,45.76,0.1991,0
MCH-CNC-1004,CNC,51.3,2.467,19.73,59.75,2928.7,3,23.38,73.43,0.2816,0
MCH-CNC-1004,CNC,51.68,1.471,17.03,48.36,2968.8,3,25.51,63.93,0.0,0
MCH-CNC-1004,CNC,56.07,1.783,18.1,75.37,3047.5,3,26.61,59.61,0.1485,0
MCH-CNC-1004,CNC,59.56,1.857,19.58,59.01,3122.0,3,30.45,63.05,0.1519,0
MCH-CNC-1004,CNC,58.28,1.772,19.17,56.88,3182.6,3,29.4,49.46,0.211,0
MCH-CNC-1004,CNC,51.78,2.074,18.07,55.68,3232.7,3,27.78,56.61,0.0236,0
MCH-CNC-1004,CNC,54.61,1.698,21.52,68.47,3300.5,3,29.09,69.07,0.2438,0
MCH-CNC-1004,CNC,47.33,1.88,15.93,58.11,3357.8,4,28.82,66.04,0.0,0
MCH-CNC-1004,CNC,56.2,2.004,18.52,55.84,3430.0,4,33.53,53.76,0.1602,0
MCH-CNC-1004,CNC,52.63,2.223,17.91,57.38,3510.0,4,30.53,51.41,0.0645,0
MCH-CNC-1004,CNC,45.81,2.382,19.85,75.1,3563.9,4,27.93,39.49,0.2137,0
MCH-CNC-1004,CNC,55.03,1.698,20.47,77.92,3613.7,4,29.91,54.87,0.1826,0
MCH-CNC-1004,CNC,59.64,2.023,17.57,63.85,3664.4,4,25.66,56.76,0.2322,0
MCH-CNC-1004,CNC,58.26,1.969,19.74,58.39,3708.1,4,27.46,40.45,0.2079,0
MCH-CNC-1004,CNC,52.37,1.854,18.0,60.97,3763.9,4,21.18,52.23,0.0637,0
MCH-CNC-1004,CNC,53.86,1.933,18.24,58.99,3804.6,4,23.88,54.56,0.0543,0
MCH-CNC-1004,CNC,51.85,1.888,15.93,67.53,3849.2,4,27.63,44.8,0.012,0
MCH-CNC-1004,CNC,53.87,1.639,16.45,48.32,3900.0,4,23.73,71.29,0.0534,0
MCH-CNC-1004,CNC,56.4,1.749,19.14,51.79,3946.4,4,28.16,55.63,0.1024,0
MCH-CNC-1004,CNC,56.89,1.822,19.03,77.11,4015.7,4,21.48,44.89,0.1524,0
MCH-CNC-1004,CNC,53.75,1.9,16.04,71.23,4059.9,4,22.31,52.6,0.0682,0
MCH-CNC-1004,CNC,54.91,1.706,15.98,58.16,4134.6,4,24.97,57.46,0.0136,0
MCH-CNC-1004,CNC,57.44,2.035,18.28,71.53,4183.4,5,26.25,46.29,0.2184,0
MCH-CNC-1004,CNC,54.42,1.973,120.0,43.82,4227.8,5,25.76,59.32,0.1566,1
MCH-CNC-1004,CNC,58.6,2.587,19.14,71.06,4268.2,5,31.07,75.52,0.4319,0
MCH-CNC-1004,CNC,57.85,2.212,17.69,59.67,4336.8,5,26.65,62.46,0.1601,0
MCH-CNC-1004,CNC,54.43,1.293,20.58,58.24,4387.0,5,29.82,72.49,0.1972,0
MCH-CNC-1004,CNC,59.33,1.627,21.6,68.7,4447.4,5,28.84,72.1,0.3004,0
MCH-CNC-1004,CNC,54.13,2.433,15.2,64.48,4491.9,5,30.13,78.63,0.2683,0
MCH-CNC-1004,CNC,59.83,1.832,17.33,50.22,4571.3,5,23.65,59.84,0.1277,0
MCH-CNC-1004,CNC,57.22,1.801,16.18,55.78,4616.3,5,29.35,51.67,0.1089,0
MCH-CNC-1004,CNC,57.09,2.325,17.53,51.65,4672.8,5,28.3,60.65,0.2185,0
MCH-CNC-1004,CNC,52.33,1.784,17.69,53.91,4746.9,5,30.83,35.74,0.073,0
MCH-CNC-1004,CNC,54.0,1.947,15.82,55.15,4796.7,5,26.4,50.28,0.0603,0
MCH-CNC-1004,CNC,53.02,2.443,18.73,53.54,4847.3,5,28.38,56.49,0.2153,0
MCH-CNC-1004,CNC,53.2,2.23,18.06,71.93,4919.7,5,33.16,57.36,0.1487,0
MCH-CNC-1004,CNC,56.52,1.946,20.52,60.63,4970.6,5,26.38,49.48,0.2219,0
MCH-CNC-1004,CNC,56.67,1.754,19.65,49.66,5010.7,6,28.51,68.8,0.1116,0
MCH-CNC-1004,CNC,61.05,1.872,18.21,64.57,5067.8,6,30.9,58.29,0.1508,0
MCH-CNC-1004,CNC,56.56,2.528,18.78,75.72,5108.3,6,31.6,33.33,0.2938,0
MCH-CNC-1004,CNC,53.28,2.449,18.04,68.49,5184.7,6,25.25,62.51,0.1641,0
MCH-CNC-1004,CNC,59.74,2.132,19.4,42.69,5250.4,6,27.66,59.93,0.2921,0
MCH-CNC-1004,CNC,57.88,1.89,18.07,69.45,5313.7,6,18.89,62.07,0.2426,0
MCH-CNC-1004,CNC,52.26,2.101,19.84,68.31,5361.8,6,27.46,65.51,0.0812,0
MCH-CNC-1004,CNC,54.74,1.792,17.05,66.7,5429.8,6,27.83,42.45,0.0156,0
MCH-CNC-1004,CNC,57.5,1.836,18.5,69.92,5496.9,6,22.76,54.46,0.1597,0
MCH-CNC-1004,CNC,56.14,2.372,16.01,64.56,5539.3,6,32.13,52.76,0.2865,0
MCH-CNC-1004,CNC,56.26,2.103,18.87,64.49,5614.5,6,24.07,66.88,0.1225,0
MCH-CNC-1004,CNC,55.56,1.552,17.83,61.56,5677.7,6,23.42,50.68,0.0674,0
MCH-CNC-1004,CNC,56.82,2.05,15.53,62.81,5749.4,6,27.77,61.2,0.1008,0
MCH-CNC-1004,CNC,52.6,1.769,17.19,60.15,5799.9,6,28.59,52.71,0.1267,0
MCH-CNC-1004,CNC,53.95,2.752,16.84,55.54,5844.8,7,41.18,60.05,0.3431,0
MCH-CNC-1004,CNC,57.53,1.727,19.36,58.31,5912.9,7,26.24,74.31,0.1727,0
MCH-CNC-1004,CNC,57.92,2.13,17.33,64.89,5984.7,7,32.84,56.62,0.1976,0
MCH-CNC-1004,CNC,57.55,2.064,18.38,61.1,6040.1,7,23.0,53.92,0.1262,0
MCH-CNC-1004,CNC,53.75,2.101,18.03,66.19,6081.0,7,30.65,57.01,0.132,0
MCH-CNC-1004,CNC,60.37,1.957,17.88,57.26,6153.8,7,26.05,73.53,0.1525,0
MCH-CNC-1004,CNC,56.33,1.968,18.93,60.59,6202.0,7,27.24,59.06,0.0208,0
MCH-CNC-1004,CNC,55.76,2.061,18.9,55.05,6255.6,7,30.84,44.12,0.1017,0
MCH-CNC-1004,CNC,53.41,1.678,19.52,52.25,6320.7,7,25.2,70.06,0.1172,0
MCH-CNC-1004,CNC,54.44,1.696,19.25,66.77,6364.7,7,30.96,61.45,0.0827,0
MCH-CNC-1004,CNC,53.43,18.0,19.93,66.12,6407.6,7,25.23,55.48,0.4643,1
MCH-CNC-1004,CNC,55.53,1.875,16.57,48.17,6448.6,7,21.74,50.54,0.0,0
MCH-CNC-1004,CNC,180.0,2.195,17.9,64.62,6525.3,7,27.27,45.55,0.4383,1
MCH-CNC-1004,CNC,51.21,2.162,16.59,67.35,6577.7,7,26.65,67.75,0.148,0
MCH-CNC-1004,CNC,52.97,2.114,19.76,73.33,6644.2,7,28.17,77.05,0.1979,0
MCH-CNC-1004,CNC,58.3,1.717,18.63,41.27,6723.7,8,23.51,60.6,0.1585,0
MCH-CNC-1004,CNC,56.28,2.272,17.25,52.25,6790.5,8,26.1,43.41,0.1106,0
MCH-CNC-1004,CNC,55.31,1.908,20.51,54.24,6851.5,8,33.57,42.51,0.0828,0
MCH-CNC-1004,CNC,58.55,2.339,17.37,64.44,6912.4,8,29.68,48.52,0.2805,0
MCH-CNC-1004,CNC,53.19,2.185,20.79,63.77,6967.4,8,30.27,63.07,0.2399,0
MCH-CNC-1004,CNC,56.38,1.695,17.12,77.3,7031.4,8,26.99,46.12,0.1622,0
MCH-CNC-1004,CNC,52.16,1.866,19.87,60.34,7109.8,8,21.75,61.53,0.0819,0
MCH-CNC-1004,CNC,59.62,1.818,19.58,74.21,7181.3,8,24.6,52.68,0.3141,0
MCH-CNC-1004,CNC,52.43,2.081,17.66,58.04,7238.3,8,28.2,55.86,0.1137,0
MCH-CNC-1004,CNC,53.2,1.833,17.82,59.64,7291.6,8,26.24,58.89,0.0241,0
MCH-CNC-1004,CNC,6000.0,1.916,16.72,73.03,7366.9,8,28.08,57.12,0.3738,1
MCH-CNC-1004,CNC,51.35,1.949,16.59,57.78,7412.3,8,17.76,41.46,0.0176,0
MCH-CNC-1004,CNC,57.49,2.396,20.08,65.38,7486.3,8,26.19,42.55,0.3446,0
MCH-CNC-1004,CNC,55.19,2.748,17.45,75.78,7536.5,9,27.37,71.03,0.3963,0
MCH-CNC-1004,CNC,51.93,1.855,16.45,50.16,7605.1,9,30.67,52.64,0.1014,0
MCH-CNC-1004,CNC,56.67,1.443,19.93,57.21,7677.4,9,30.13,62.45,0.1935,0
MCH-CNC-1004,CNC,54.69,1.363,18.09,61.61,7736.5,9,23.86,56.77,0.071,0
MCH-CNC-1004,CNC,50.97,18.0,17.15,56.75,7784.2,9,26.15,69.83,0.3573,1
MCH-CNC-1004,CNC,55.24,1.868,18.69,70.79,7858.0,9,30.59,63.24,0.0796,0
MCH-CNC-1004,CNC,50.86,1.737,17.69,54.19,7912.7,9,23.74,32.53,0.0433,0
MCH-CNC-1004,CNC,54.23,1.979,16.81,60.63,7965.5,9,26.26,68.09,0.0875,0
MCH-CNC-1004,CNC,57.09,2.061,120.0,59.27,8025.9,9,23.06,53.7,0.3451,1
MCH-CNC-1004,CNC,50.97,2.004,18.86,67.26,8083.3,9,24.94,55.21,0.0,0
MCH-CNC-1004,CNC,59.64,1.556,16.63,82.44,8150.6,9,26.91,32.31,0.3642,0
MCH-CNC-1004,CNC,46.69,2.072,19.21,52.71,8196.1,9,26.12,66.08,0.1217,0
MCH-CNC-1004,CNC,51.04,1.932,16.87,57.65,8253.5,9,22.94,57.57,0.0667,0
MCH-CNC-1004,CNC,56.65,2.06,18.31,48.43,8329.2,9,29.97,51.03,0.0495,0
MCH-CNC-1004,CNC,58.54,1.827,20.17,71.83,8370.6,10,31.01,43.23,0.2639,0
MCH-CNC-1004,CNC,59.03,2.12,17.18,69.93,8428.9,10,24.55,49.91,0.2745,0
MCH-CNC-1004,CNC,6000.0,2.097,20.08,62.5,8495.3,10,32.99,68.6,0.4038,1
MCH-CNC-1004,CNC,49.57,1.841,19.74,48.68,8570.9,10,26.69,59.06,0.0,0
MCH-CNC-1004,CNC,55.25,2.023,18.66,64.17,8634.6,10,27.38,67.59,0.1079,0
MCH-CNC-1004,CNC,57.73,2.393,18.29,68.35,8707.6,10,28.6,64.47,0.3137,0
MCH-CNC-1004,CNC,58.89,2.113,18.09,71.7,8756.5,10,30.54,42.72,0.3103,0
MCH-CNC-1004,CNC,51.04,2.173,20.63,61.17,8810.6,10,28.47,18.8,0.1894,0
MCH-CNC-1004,CNC,59.57,2.528,20.78,60.76,8888.3,10,27.34,39.01,0.4713,0
MCH-CNC-1004,CNC,55.17,1.878,17.85,74.79,8963.7,10,26.92,57.64,0.1277,0
MCH-CNC-1004,CNC,53.97,2.756,16.37,58.55,9026.1,10,27.78,57.77,0.3601,0
MCH-CNC-1004,CNC,54.23,2.278,18.65,57.07,9085.1,10,31.88,40.44,0.1413,0
MCH-CNC-1004,CNC,60.61,2.85,19.73,69.86,9143.1,10,27.31,60.21,0.6709,0
MCH-CNC-1004,CNC,52.62,2.718,20.72,67.61,9185.5,11,25.9,72.88,0.4209,0
MCH-CNC-1004,CNC,62.19,2.827,22.8,61.54,9261.2,11,25.39,37.02,0.7356,1
MCH-CNC-1004,CNC,62.59,2.827,25.05,66.95,9333.9,11,22.79,52.65,0.797,1
MCH-CNC-1004,CNC,60.53,2.614,19.64,53.47,9392.1,11,34.37,58.59,0.5469,0
MCH-CNC-1004,CNC,64.38,2.919,21.08,70.37,9443.3,11,28.54,63.04,0.8243,1
MCH-CNC-1004,CNC,62.99,2.755,23.11,61.34,9497.0,11,29.57,59.97,0.6961,0
MCH-CNC-1004,CNC,60.48,2.758,20.22,53.77,9542.0,11,25.39,58.19,0.4961,0
MCH-CNC-1004,CNC,64.96,2.128,22.07,61.24,9610.8,11,29.81,54.83,0.5089,0
MCH-CNC-1004,CNC,63.38,2.944,23.28,65.82,9673.1,11,32.34,66.28,0.8748,1
MCH-CNC-1004,CNC,58.73,3.329,20.72,71.97,9722.5,11,24.11,40.78,0.6546,0
MCH-CNC-1004,CNC,61.61,3.381,21.73,63.16,9787.4,11,27.82,39.39,0.7354,1
MCH-CNC-1004,CNC,61.63,2.962,23.09,68.82,9866.5,11,22.07,65.22,0.7829,1
MCH-CNC-1004,CNC,63.65,3.347,21.6,57.74,9911.4,11,35.39,54.79,0.8026,1
MCH-CNC-1004,CNC,64.45,3.521,21.21,54.97,9969.8,11,25.29,70.92,0.7381,1
MCH-CNC-1004,CNC,65.3,3.622,23.27,65.47,10029.6,12,27.34,58.95,0.8713,1
MCH-CNC-1004,CNC,66.47,3.346,19.77,66.36,10076.2,12,26.79,67.34,0.7854,1
MCH-CNC-1004,CNC,65.71,3.152,23.88,67.8,10137.5,12,35.18,62.95,0.8561,1
MCH-CNC-1004,CNC,67.97,3.233,23.88,57.76,10201.7,12,24.71,60.47,0.8362,1
MCH-CNC-1004,CNC,61.04,3.795,22.53,53.62,10248.0,12,15.99,36.65,0.6551,0
MCH-CNC-1004,CNC,67.84,3.616,22.06,60.1,10294.2,12,26.35,55.4,0.8082,1
MCH-CNC-1004,CNC,66.06,3.74,22.1,62.28,10368.5,12,25.83,67.9,0.8134,1
MCH-CNC-1004,CNC,66.74,3.79,120.0,71.18,10420.9,12,32.94,67.43,0.9327,1
MCH-CNC-1004,CNC,65.37,3.494,22.39,66.55,10486.1,12,25.0,51.55,0.8321,1
MCH-CNC-1004,CNC,69.26,3.039,22.36,57.89,10551.2,12,28.98,61.04,0.8525,1
MCH-CNC-1004,CNC,67.65,3.716,22.92,61.22,10624.8,12,30.97,64.82,0.8195,1
MCH-CNC-1004,CNC,68.58,4.039,23.04,75.82,10694.4,12,25.96,52.31,0.7919,1
MCH-CNC-1004,CNC,69.9,3.756,23.31,84.91,10768.0,12,23.35,48.24,0.9087,1
MCH-CNC-1004,CNC,69.51,4.081,26.29,65.53,10833.0,12,25.11,41.11,0.8488,1
MCH-CNC-1004,CNC,74.96,3.783,22.13,60.95,10891.0,13,28.68,61.59,0.8203,1
MCH-CNC-1004,CNC,71.02,4.344,24.04,83.6,10946.7,13,30.6,41.99,0.9298,1
MCH-CNC-1004,CNC,72.0,3.615,23.06,84.0,11001.9,13,24.09,67.94,0.9054,1
MCH-CNC-1004,CNC,72.7,4.113,23.77,76.77,11058.6,13,19.81,60.28,0.8786,1
MCH-CNC-1004,CNC,72.49,4.244,25.75,62.11,11103.8,13,23.32,46.74,0.7826,1
MCH-CNC-1004,CNC,77.48,4.087,21.92,72.66,11160.7,13,29.25,51.6,0.7745,1
MCH-CNC-1004,CNC,74.63,3.912,22.21,74.1,11216.3,13,24.19,48.06,0.8634,1
MCH-CNC-1004,CNC,78.61,4.106,26.09,61.75,11257.7,13,28.98,54.28,0.7993,1
MCH-CNC-1004,CNC,73.13,4.088,27.0,72.84,11308.7,13,23.56,85.62,0.9333,1
MCH-CNC-1004,CNC,74.95,4.308,25.96,72.33,11378.8,13,27.26,52.18,0.7839,1
MCH-CNC-1004,CNC,81.99,4.181,26.6,71.45,11441.9,13,26.58,49.53,0.8794,1
MCH-CNC-1004,CNC,75.46,4.168,27.61,64.82,11514.2,13,25.69,44.22,0.9252,1
MCH-CNC-1004,CNC,73.73,4.502,27.46,73.5,11575.9,13,22.49,38.63,0.8695,1
MCH-CNC-1004,CNC,72.95,4.494,26.32,77.96,11650.0,13,29.89,43.8,0.9002,1
MCH-CNC-1004,CNC,79.27,4.231,22.17,80.4,11721.9,14,23.85,60.61,0.9145,1
MCH-CNC-1004,CNC,77.57,4.762,26.68,88.18,11765.8,14,23.75,54.9,0.9414,1
MCH-CNC-1004,CNC,77.34,4.852,25.94,92.31,11844.9,14,36.49,58.38,0.9282,1
MCH-CNC-1004,CNC,6000.0,4.193,24.77,86.08,11885.5,14,29.1,52.28,0.884,1
MCH-CNC-1004,CNC,71.55,4.535,25.76,83.64,11949.3,14,31.98,61.92,0.9602,1
MCH-CNC-1004,CNC,74.61,4.813,27.98,86.53,12021.0,14,36.47,34.69,0.8669,1
MCH-CNC-1004,CNC,77.27,4.731,27.21,74.97,12074.3,14,32.11,41.78,0.9282,1
MCH-CNC-1004,CNC,76.82,4.614,25.49,76.72,12138.3,14,27.34,45.56,0.8765,1
MCH-CNC-1004,CNC,80.11,5.084,27.19,77.19,12192.7,14,25.75,54.92,0.8944,1
MCH-CNC-1004,CNC,79.45,4.964,26.41,150.0,12235.2,14,25.68,65.22,0.9075,1
MCH-CNC-1004,CNC,77.61,4.409,26.85,66.85,12275.5,14,22.47,62.46,0.9129,1
MCH-CNC-1004,CNC,80.03,4.779,27.03,91.4,12319.3,14,25.06,39.13,0.9331,1
MCH-CNC-1004,CNC,81.22,5.55,27.28,85.24,12363.2,14,32.33,48.74,0.9212,1
MCH-CNC-1004,CNC,180.0,5.154,26.11,69.71,12427.7,14,17.85,62.14,0.8539,1
MCH-CNC-1004,CNC,82.17,4.517,26.72,75.19,12488.7,14,25.31,56.41,0.8819,1
MCH-CNC-1004,CNC,89.86,5.062,30.19,72.64,12546.9,15,21.3,50.77,0.9725,1
MCH-CNC-1004,CNC,83.49,4.877,25.74,93.44,12614.6,15,25.85,35.35,0.8715,1
MCH-CNC-1004,CNC,81.65,5.481,27.71,75.5,12655.3,15,29.38,62.12,0.9396,1
MCH-CNC-1004,CNC,83.97,5.356,30.08,81.7,12706.1,15,27.43,37.66,0.9376,1
MCH-CNC-1004,CNC,84.76,5.117,31.03,68.95,12777.2,15,34.58,54.73,0.9401,1
MCH-CNC-1004,CNC,83.84,4.784,29.05,83.32,12853.6,15,30.7,52.62,0.9541,1
MCH-CNC-1004,CNC,80.79,5.943,27.77,92.33,12911.1,15,24.26,52.81,0.9253,1
MCH-CNC-1004,CNC,83.35,5.848,29.67,84.87,12954.4,15,26.93,62.9,0.9705,1
MCH-CNC-1004,CNC,85.82,5.932,28.79,87.57,13026.4,15,29.96,42.18,0.9397,1
MCH-CNC-1004,CNC,86.63,5.201,30.39,82.9,13101.8,15,27.71,54.18,0.9515,1
MCH-PUM-1005,Pump,49.62,2.015,16.11,57.51,708.7,0,30.64,57.4,0.1613,0
MCH-PUM-1005,Pump,55.12,2.725,13.33,72.74,785.8,0,25.48,56.96,0.2674,0
MCH-PUM-1005,Pump,46.9,2.521,14.44,53.08,840.8,1,29.99,45.17,0.0164,0
MCH-PUM-1005,Pump,48.94,2.051,14.09,58.59,897.3,1,33.08,55.01,0.0,0
MCH-PUM-1005,Pump,51.78,2.098,12.45,67.86,962.3,1,23.6,41.8,0.0904,0
MCH-PUM-1005,Pump,51.58,1.998,13.26,58.67,1034.3,1,35.11,65.87,0.0415,0
MCH-PUM-1005,Pump,51.73,1.958,13.19,65.73,1101.1,1,29.81,53.83,0.0517,0
MCH-PUM-1005,Pump,50.24,2.435,13.64,62.02,1175.1,1,28.93,59.93,0.0,0
MCH-PUM-1005,Pump,46.46,2.1,14.48,75.3,1219.6,1,28.61,50.06,0.0965,0
MCH-PUM-1005,Pump,46.59,3.024,14.22,60.31,1296.6,1,27.33,48.68,0.1327,0
MCH-PUM-1005,Pump,49.39,2.562,14.69,59.81,1372.8,1,28.77,58.29,0.0053,0
MCH-PUM-1005,Pump,50.76,2.482,14.16,65.25,1433.6,1,29.04,71.05,0.004,0
MCH-PUM-1005,Pump,48.97,2.767,14.58,68.22,1498.5,1,39.01,62.37,0.1308,0
MCH-PUM-1005,Pump,49.08,2.103,13.62,69.98,1547.1,1,29.63,59.84,0.0167,0
MCH-PUM-1005,Pump,48.88,2.428,14.87,70.89,1605.0,1,23.98,64.15,0.0875,0
MCH-PUM-1005,Pump,51.41,2.423,15.88,62.07,1653.1,1,28.71,62.28,0.1326,0
MCH-PUM-1005,Pump,49.78,2.393,13.38,61.92,1694.0,2,32.45,47.82,0.0319,0
MCH-PUM-1005,Pump,50.94,1.941,14.62,55.11,1773.2,2,30.51,48.91,0.0873,0
MCH-PUM-1005,Pump,46.12,2.549,15.11,59.35,1823.6,2,25.57,60.46,0.1023,0
MCH-PUM-1005,Pump,42.7,3.306,14.63,69.88,1887.3,2,27.43,32.74,0.2099,0
MCH-PUM-1005,Pump,48.3,2.718,13.74,66.67,1939.3,2,24.9,65.37,0.0372,0
MCH-PUM-1005,Pump,180.0,3.395,15.96,73.93,1994.1,2,27.66,69.0,0.7002,1
MCH-PUM-1005,Pump,54.51,2.952,13.96,56.42,2050.0,2,25.66,33.15,0.284,0
MCH-PUM-1005,Pump,45.19,2.615,12.99,55.01,2103.4,2,28.95,50.99,0.0814,0
MCH-PUM-1005,Pump,46.2,2.197,11.13,49.71,2168.9,2,35.19,80.0,0.0,0
MCH-PUM-1005,Pump,47.53,2.381,15.05,61.4,2247.4,2,28.95,54.85,0.0379,0
MCH-PUM-1005,Pump,48.42,2.617,12.83,68.16,2304.5,2,26.11,56.53,0.0453,0
MCH-PUM-1005,Pump,49.5,2.868,11.85,61.71,2383.4,2,28.11,78.08,0.1324,0
MCH-PUM-1005,Pump,49.71,3.083,13.06,63.51,2450.2,2,29.33,57.21,0.1797,0
MCH-PUM-1005,Pump,51.35,3.031,13.57,59.82,2514.4,3,27.1,41.09,0.22,0
MCH-PUM-1005,Pump,48.84,2.231,14.6,56.99,2563.9,3,31.08,49.26,0.0388,0
MCH-PUM-1005,Pump,48.82,2.753,14.22,70.21,2606.4,3,28.44,35.04,0.1714,0
MCH-PUM-1005,Pump,49.74,2.816,14.83,59.59,2680.5,3,24.34,62.86,0.2078,0
MCH-PUM-1005,Pump,52.81,2.429,15.23,67.96,2743.5,3,29.15,50.51,0.1239,0
MCH-PUM-1005,Pump,53.58,2.478,14.64,65.32,2800.1,3,28.5,75.68,0.1657,0
MCH-PUM-1005,Pump,50.24,2.586,13.16,63.79,2872.5,3,29.24,65.21,0.0826,0
MCH-PUM-1005,Pump,46.67,2.891,13.89,58.09,2925.0,3,33.35,72.56,0.1676,0
MCH-PUM-1005,Pump,52.13,2.807,15.67,70.1,2996.3,3,22.69,79.12,0.2593,0
MCH-PUM-1005,Pump,48.47,2.088,14.61,63.05,3049.4,3,29.32,63.92,0.0562,0
MCH-PUM-1005,Pump,46.65,2.654,13.36,66.02,3126.3,3,22.63,51.97,0.0,0
MCH-PUM-1005,Pump,51.82,2.185,12.6,65.11,3177.0,3,30.24,59.86,0.0758,0
MCH-PUM-1005,Pump,50.89,3.101,14.25,53.57,3222.5,3,28.81,79.53,0.1776,0
MCH-PUM-1005,Pump,50.09,2.409,14.12,66.36,3290.4,3,32.56,56.02,0.0584,0
MCH-PUM-1005,Pump,49.65,2.36,13.2,52.28,3336.9,4,29.1,79.65,0.0,0
MCH-PUM-1005,Pump,52.06,2.335,13.71,71.89,3414.9,4,36.03,72.86,0.1454,0
MCH-PUM-1005,Pump,50.11,2.584,13.1,54.86,3481.1,4,23.49,55.6,0.0525,0
MCH-PUM-1005,Pump,180.0,2.485,13.62,56.79,3530.3,4,26.52,51.15,0.2954,1
MCH-PUM-1005,Pump,52.78,1.739,11.62,65.02,3578.7,4,28.38,59.85,0.0775,0
MCH-PUM-1005,Pump,47.25,2.497,13.47,75.86,3655.7,4,26.7,54.36,0.0561,0
MCH-PUM-1005,Pump,49.42,2.722,120.0,70.12,3720.0,4,29.16,57.33,0.3117,1
MCH-PUM-1005,Pump,50.98,3.311,15.45,67.13,3795.7,4,31.42,44.57,0.3397,0
MCH-PUM-1005,Pump,52.84,3.095,13.07,61.61,3840.1,4,36.73,56.16,0.2937,0
MCH-PUM-1005,Pump,50.62,2.598,13.63,71.6,3917.1,4,33.43,42.58,0.0835,0
MCH-PUM-1005,Pump,52.75,2.448,13.41,72.07,3977.9,4,32.41,49.6,0.185,0
MCH-PUM-1005,Pump,46.37,2.142,14.15,65.22,4044.7,4,24.13,46.41,0.025,0
MCH-PUM-1005,Pump,51.37,1.713,12.79,51.96,4099.6,4,29.68,33.37,0.0306,0
MCH-PUM-1005,Pump,54.92,3.169,11.83,67.09,4142.0,4,24.04,40.68,0.3674,0
MCH-PUM-1005,Pump,53.68,2.74,13.14,69.94,4220.3,5,19.03,45.96,0.2111,0
MCH-PUM-1005,Pump,50.23,2.419,13.83,63.78,4300.1,5,28.09,61.48,0.0817,0
MCH-PUM-1005,Pump,49.15,2.661,14.99,61.11,4354.6,5,27.76,68.94,0.1108,0
MCH-PUM-1005,Pump,55.41,1.964,13.59,58.35,4432.4,5,36.75,48.96,0.1504,0
MCH-PUM-1005,Pump,48.89,2.538,13.61,64.07,4479.1,5,13.88,55.69,0.0468,0
MCH-PUM-1005,Pump,53.12,3.024,13.77,70.71,4525.3,5,23.59,64.21,0.3651,0
MCH-PUM-1005,Pump,46.45,2.426,15.68,66.27,4568.2,5,33.99,46.02,0.1596,0
MCH-PUM-1005,Pump,48.04,2.59,14.26,69.63,4623.9,5,29.0,46.13,0.0337,0
MCH-PUM-1005,Pump,55.19,2.266,11.8,68.5,4666.0,5,26.68,53.43,0.1837,0
MCH-PUM-1005,Pump,48.63,2.392,13.88,75.29,4721.8,5,28.12,40.17,0.0646,0
MCH-PUM-1005,Pump,50.42,2.048,12.13,69.45,4767.3,5,30.74,50.58,0.0571,0
MCH-PUM-1005,Pump,50.56,2.741,14.73,46.76,4836.5,5,27.04,61.21,0.1538,0
MCH-PUM-1005,Pump,50.11,2.8,120.0,75.56,4909.8,5,32.51,53.58,0.3134,1
MCH-PUM-1005,Pump,41.45,2.369,12.38,66.55,4977.4,5,28.61,63.35,0.0,0
MCH-PUM-1005,Pump,49.92,3.412,14.28,55.83,5025.4,6,25.75,50.53,0.3265,0
MCH-PUM-1005,Pump,47.16,2.381,13.81,61.86,5096.0,6,31.25,62.7,0.0,0
MCH-PUM-1005,Pump,49.01,2.981,12.36,55.28,5146.0,6,23.14,55.11,0.1223,0
MCH-PUM-1005,Pump,48.19,2.309,13.74,69.01,5216.4,6,26.09,48.6,0.0,0
MCH-PUM-1005,Pump,48.28,2.971,14.11,59.82,5279.1,6,32.94,47.98,0.1937,0
MCH-PUM-1005,Pump,54.21,2.522,12.2,81.03,5333.8,6,29.55,51.11,0.2403,0
MCH-PUM-1005,Pump,52.11,3.024,13.21,67.23,5377.1,6,23.26,63.0,0.2833,0
MCH-PUM-1005,Pump,52.87,2.612,13.82,63.24,5450.2,6,24.53,64.49,0.114,0
MCH-PUM-1005,Pump,48.33,2.721,14.52,65.06,5527.8,6,21.89,39.38,0.0552,0
MCH-PUM-1005,Pump,43.58,3.063,14.44,64.79,5594.4,6,19.24,33.11,0.1809,0
MCH-PUM-1005,Pump,55.91,2.221,15.04,61.64,5673.0,6,28.22,69.58,0.2513,0
MCH-PUM-1005,Pump,47.93,3.067,14.05,72.64,5750.4,6,25.26,71.88,0.2371,0
MCH-PUM-1005,Pump,51.3,2.553,13.39,64.99,5798.2,6,26.23,66.51,0.0149,0
MCH-PUM-1005,Pump,45.51,1.828,11.93,69.33,5867.4,7,23.39,58.6,0.0623,0
MCH-PUM-1005,Pump,49.81,2.675,14.19,46.03,5921.4,7,26.71,60.1,0.0458,0
MCH-PUM-1005,Pump,55.06,1.955,120.0,54.04,5980.9,7,34.08,67.15,0.3344,1
MCH-PUM-1005,Pump,54.14,2.985,15.39,68.2,6027.2,7,26.6,64.21,0.4164,0
MCH-PUM-1005,Pump,49.43,2.36,15.36,76.65,6106.2,7,25.0,51.84,0.05,0
MCH-PUM-1005,Pump,51.46,2.291,16.26,67.95,6175.2,7,30.13,76.11,0.2115,0
MCH-PUM-1005,Pump,49.73,1.999,13.79,54.58,6225.9,7,30.99,60.04,0.0448,0
MCH-PUM-1005,Pump,49.7,2.805,12.64,66.43,6280.7,7,30.8,33.61,0.0895,0
MCH-PUM-1005,Pump,44.98,2.453,12.6,75.02,6337.6,7,23.37,35.2,0.052,0
MCH-PUM-1005,Pump,48.76,1.898,14.63,51.06,6407.5,7,23.86,48.1,0.0993,0
MCH-PUM-1005,Pump,53.89,2.941,13.82,48.01,6484.6,7,29.56,72.65,0.3609,0
MCH-PUM-1005,Pump,51.39,2.024,13.37,78.54,6537.4,7,22.33,41.23,0.1732,0
MCH-PUM-1005,Pump,48.71,2.027,15.83,68.23,6596.3,7,26.47,41.25,0.1952,0
MCH-PUM-1005,Pump,49.93,3.059,15.07,61.35,6660.1,7,25.95,72.36,0.2112,0
MCH-PUM-1005,Pump,44.37,2.72,13.85,57.77,6715.8,8,29.05,38.8,0.0253,0
MCH-PUM-1005,Pump,47.6,2.3,13.91,57.89,6776.0,8,34.29,60.92,0.0406,0
MCH-PUM-1005,Pump,49.52,2.28,16.11,60.95,6820.2,8,27.29,63.64,0.1546,0
MCH-PUM-1005,Pump,52.13,2.733,15.52,71.23,6866.9,8,33.2,53.67,0.1923,0
MCH-PUM-1005,Pump,56.33,1.889,12.29,68.96,6922.9,8,34.5,57.27,0.2205,0
MCH-PUM-1005,Pump,44.01,2.3,11.75,70.46,6999.5,8,21.81,39.67,0.0179,0
MCH-PUM-1005,Pump,53.19,2.436,14.68,68.76,7053.5,8,27.14,41.86,0.1863,0
MCH-PUM-1005,Pump,51.84,2.858,14.37,56.82,7103.5,8,30.76,54.98,0.216,0
MCH-PUM-1005,Pump,49.12,2.224,15.07,55.07,7173.2,8,24.03,51.05,0.0417,0
MCH-PUM-1005,Pump,53.16,1.844,15.62,74.45,7251.2,8,23.3,24.74,0.2479,0
MCH-PUM-1005,Pump,53.37,3.137,12.96,77.26,7309.5,8,19.09,50.58,0.3235,0
MCH-PUM-1005,Pump,53.46,3.019,15.15,55.55,7349.9,8,31.45,61.11,0.3265,0
MCH-PUM-1005,Pump,43.8,2.915,13.78,56.0,7417.4,8,27.17,59.37,0.0954,0
MCH-PUM-1005,Pump,45.34,3.254,15.21,62.65,7474.0,8,26.82,59.31,0.29,0
MCH-PUM-1005,Pump,50.97,1.968,13.92,56.82,7541.0,9,23.53,74.75,0.0355,0
MCH-PUM-1005,Pump,50.62,1.695,13.28,68.23,7592.1,9,28.78,29.15,0.0908,0
MCH-PUM-1005,Pump,51.1,3.014,13.21,49.31,7632.2,9,24.01,41.84,0.2055,0
MCH-PUM-1005,Pump,41.85,2.321,15.71,65.05,7685.9,9,31.59,35.3,0.103,0
MCH-PUM-1005,Pump,54.31,2.54,14.12,57.17,7754.1,9,28.4,41.25,0.2496,0
MCH-PUM-1005,Pump,58.18,2.694,13.24,47.26,7809.9,9,21.26,73.66,0.3625,0
MCH-PUM-1005,Pump,48.89,2.762,15.78,63.6,7858.6,9,26.38,55.86,0.1666,0
MCH-PUM-1005,Pump,48.28,2.665,14.22,79.92,7917.2,9,29.76,68.81,0.144,0
MCH-PUM-1005,Pump,51.58,2.211,14.47,69.82,7987.3,9,28.2,83.89,0.0903,0
MCH-PUM-1005,Pump,53.53,2.806,16.12,54.94,8032.1,9,33.48,43.11,0.3299,0
MCH-PUM-1005,Pump,51.68,2.993,12.62,61.41,8099.7,9,28.39,52.76,0.2336,0
MCH-PUM-1005,Pump,60.31,2.668,13.12,55.92,8166.4,9,26.7,43.72,0.2796,0
MCH-PUM-1005,Pump,51.36,2.315,16.38,59.85,8221.3,9,27.52,62.67,0.1266,0
MCH-PUM-1005,Pump,53.83,2.671,15.26,60.34,8300.1,9,31.67,65.86,0.2472,0
MCH-PUM-1005,Pump,44.99,2.137,14.99,46.44,8375.9,10,29.97,67.72,0.0414,0
MCH-PUM-1005,Pump,48.71,2.07,13.37,61.55,8428.5,10,25.27,46.15,0.0312,0
MCH-PUM-1005,Pump,49.15,3.25,13.53,67.41,8469.7,10,25.69,47.92,0.2609,0
MCH-PUM-1005,Pump,45.29,2.017,14.22,72.53,8522.1,10,20.85,48.41,0.0706,0
MCH-PUM-1005,Pump,49.21,2.93,13.46,64.67,8570.3,10,33.82,60.49,0.1914,0
MCH-PUM-1005,Pump,50.48,2.169,14.5,68.61,8632.2,10,22.53,57.1,0.0623,0
MCH-PUM-1005,Pump,51.63,2.833,14.57,62.88,8708.9,10,31.73,44.52,0.2084,0
MCH-PUM-1005,Pump,40.41,2.472,13.01,67.78,8783.7,10,20.12,47.23,0.0038,0
MCH-PUM-1005,Pump,46.91,2.664,13.33,64.77,8836.0,10,30.38,66.43,0.1011,0
MCH-PUM-1005,Pump,47.56,2.317,14.76,57.85,8893.1,10,27.29,50.37,0.0679,0
MCH-PUM-1005,Pump,46.97,1.759,14.62,71.75,8934.6,10,20.83,59.43,0.0455,0
MCH-PUM-1005,Pump,51.79,2.333,12.87,65.57,8996.3,10,28.99,56.15,0.0868,0
MCH-PUM-1005,Pump,46.75,2.669,14.57,66.41,9038.9,10,28.44,75.15,0.1223,0
MCH-PUM-1005,Pump,53.84,2.206,15.33,73.63,9116.4,10,26.83,74.93,0.2739,0
MCH-PUM-1005,Pump,47.37,2.35,15.36,71.46,9191.1,11,23.77,53.33,0.1361,0
MCH-PUM-1005,Pump,48.48,3.443,14.28,64.57,9239.6,11,32.76,50.62,0.295,0
MCH-PUM-1005,Pump,45.0,2.319,15.26,75.99,9307.6,11,24.91,44.32,0.1715,0
MCH-PUM-1005,Pump,48.13,2.393,15.05,61.19,9370.3,11,20.14,39.39,0.1004,0
MCH-PUM-1005,Pump,44.41,2.381,12.33,76.48,9442.4,11,36.66,42.3,0.0804,0
MCH-PUM-1005,Pump,47.12,2.376,16.16,61.73,9501.4,11,26.86,43.69,0.0835,0
MCH-PUM-1005,Pump,40.21,2.323,13.94,60.37,9549.1,11,31.45,69.42,0.0241,0
MCH-PUM-1005,Pump,56.28,1.931,15.55,66.05,9614.7,11,25.99,50.09,0.2441,0
MCH-PUM-1005,Pump,50.63,2.132,13.72,59.61,9657.9,11,23.14,45.19,0.0617,0
MCH-PUM-1005,Pump,48.74,2.673,14.14,78.82,9721.3,11,19.16,60.63,0.2055,0
MCH-PUM-1005,Pump,52.45,2.787,13.8,66.21,9769.8,11,25.02,62.36,0.2584,0
MCH-PUM-1005,Pump,52.33,2.491,13.42,63.37,9837.2,11,27.36,70.57,0.072,0
MCH-PUM-1005,Pump,6000.0,2.274,14.76,69.71,9910.3,11,24.3,39.87,0.4024,1
MCH-PUM-1005,Pump,52.42,1.855,13.13,69.01,9954.7,11,28.17,72.0,0.1425,0
MCH-PUM-1005,Pump,57.06,1.885,11.57,64.59,10010.7,12,23.46,54.53,0.1588,0
MCH-PUM-1005,Pump,49.41,2.163,14.52,62.78,10080.0,12,32.41,52.84,0.0561,0
MCH-PUM-1005,Pump,44.94,2.431,12.48,55.55,10126.6,12,30.11,33.67,0.023,0
MCH-PUM-1005,Pump,50.48,2.482,12.76,70.35,10189.3,12,27.99,46.77,0.1245,0
MCH-PUM-1005,Pump,44.95,1.846,12.66,67.45,10256.1,12,27.99,67.59,0.0197,0
MCH-PUM-1005,Pump,51.72,2.454,12.87,67.7,10310.3,12,27.74,47.45,0.125,0
MCH-PUM-1005,Pump,49.61,2.439,13.5,55.87,10383.6,12,28.3,45.37,0.0328,0
MCH-PUM-1005,Pump,49.28,2.794,14.22,61.28,10444.0,12,25.71,62.63,0.076,0
MCH-PUM-1005,Pump,52.39,1.75,12.3,61.4,10509.1,12,36.68,75.13,0.1219,0
MCH-PUM-1005,Pump,51.07,1.755,14.19,61.16,10554.7,12,24.73,56.86,0.141,0
MCH-PUM-1005,Pump,52.61,1.726,14.09,58.85,10595.7,12,26.36,58.66,0.1174,0
MCH-PUM-1005,Pump,50.49,2.415,13.21,61.71,10637.7,12,27.38,45.79,0.0887,0
MCH-PUM-1005,Pump,49.17,2.255,15.91,67.91,10713.9,12,26.47,56.75,0.1713,0
MCH-PUM-1005,Pump,48.69,2.372,12.5,67.71,10789.2,12,25.98,50.73,0.0327,0
MCH-PUM-1005,Pump,58.88,2.235,11.52,53.8,10861.5,13,31.04,71.04,0.2795,0
MCH-PUM-1005,Pump,53.84,2.797,13.77,63.18,10909.4,13,28.72,65.53,0.2034,0
MCH-PUM-1005,Pump,47.97,2.43,16.38,66.76,10970.5,13,31.48,61.48,0.2229,0
MCH-PUM-1005,Pump,50.33,2.859,14.86,66.85,11042.3,13,25.22,59.63,0.2063,0
MCH-PUM-1005,Pump,49.08,3.572,12.15,71.71,11109.3,13,24.55,56.57,0.3061,0
MCH-PUM-1005,Pump,47.11,2.21,13.98,59.07,11153.9,13,31.54,48.59,0.0812,0
MCH-PUM-1005,Pump,46.01,1.777,13.73,54.02,11229.7,13,34.07,36.64,0.0,0
MCH-PUM-1005,Pump,51.24,2.265,12.18,150.0,11276.2,13,23.99,52.64,0.145,1
MCH-PUM-1005,Pump,53.18,2.784,14.55,59.21,11323.0,13,26.7,52.28,0.2467,0
MCH-PUM-1005,Pump,46.5,3.307,13.09,64.94,11399.1,13,23.36,39.42,0.3694,0
MCH-PUM-1005,Pump,47.09,2.334,12.83,69.87,11458.5,13,24.87,44.27,0.0959,0
MCH-PUM-1005,Pump,52.98,2.586,13.88,54.97,11513.4,13,23.43,39.66,0.1381,0
MCH-PUM-1005,Pump,51.59,2.155,13.32,59.22,11575.5,13,24.46,60.52,0.0942,0
MCH-PUM-1005,Pump,56.24,18.0,15.57,69.7,11654.8,13,26.31,62.17,0.7079,1
MCH-PUM-1005,Pump,54.89,2.662,14.31,65.89,11699.6,14,34.96,37.79,0.3313,0
MCH-PUM-1005,Pump,49.44,1.938,13.1,53.44,11769.8,14,30.61,42.54,0.0378,0
MCH-PUM-1005,Pump,53.4,2.231,13.68,55.88,11823.2,14,26.45,85.89,0.1556,0
MCH-PUM-1005,Pump,49.21,2.255,13.95,65.91,11867.9,14,26.32,61.36,0.0162,0
MCH-PUM-1005,Pump,47.12,2.648,12.6,70.1,11924.8,14,27.94,33.07,0.1346,0
MCH-PUM-1005,Pump,44.94,2.777,13.7,77.96,11986.7,14,32.29,42.27,0.2339,0
MCH-PUM-1005,Pump,47.73,2.011,16.19,64.93,12035.0,14,31.73,51.58,0.0712,0
MCH-PUM-1005,Pump,49.9,2.943,14.37,57.6,12091.2,14,34.49,51.49,0.1846,0
MCH-PUM-1005,Pump,41.51,2.754,14.12,65.7,12156.6,14,26.39,48.1,0.0746,0
MCH-PUM-1005,Pump,51.39,2.756,13.72,71.64,12219.7,14,27.68,48.95,0.1962,0
MCH-PUM-1005,Pump,45.92,2.593,12.15,57.81,12288.6,14,19.93,52.9,0.0198,0
MCH-PUM-1005,Pump,49.65,2.757,16.82,67.83,12362.0,14,24.94,47.47,0.2021,0
MCH-PUM-1005,Pump,48.1,2.277,15.18,72.18,12418.4,14,21.41,45.18,0.175,0
MCH-PUM-1005,Pump,51.8,2.957,17.24,61.74,12475.3,14,26.34,62.06,0.3704,0
MCH-PUM-1005,Pump,49.58,2.334,10.85,65.86,12535.2,15,27.27,70.25,0.054,0
MCH-PUM-1005,Pump,46.24,2.397,11.49,56.52,12597.8,15,30.54,52.03,0.0677,0
MCH-PUM-1005,Pump,44.1,2.403,13.43,71.69,12642.2,15,30.69,62.71,0.1259,0
MCH-PUM-1005,Pump,48.9,3.034,12.75,57.43,12694.7,15,31.01,36.94,0.1865,0
MCH-MOT-1006,Motor,59.51,1.737,22.54,66.1,4007.3,4,35.54,56.93,0.0325,0
MCH-MOT-1006,Motor,60.79,2.101,23.15,72.65,4062.6,4,30.94,33.1,0.1834,0
MCH-MOT-1006,Motor,59.7,1.741,23.16,70.12,4127.8,4,30.33,40.05,0.0951,0
MCH-MOT-1006,Motor,54.64,1.916,18.24,72.09,4170.0,5,22.12,50.4,0.0673,0
MCH-MOT-1006,Motor,60.91,1.306,20.66,60.99,4248.7,5,21.22,56.41,0.0252,0
MCH-MOT-1006,Motor,61.76,1.981,21.98,68.36,4295.7,5,23.71,49.72,0.1401,0
MCH-MOT-1006,Motor,56.62,1.827,21.76,88.39,4336.7,5,22.62,53.5,0.1986,0
MCH-MOT-1006,Motor,58.45,1.696,23.69,67.3,4376.9,5,27.23,49.84,0.0634,0
MCH-MOT-1006,Motor,57.39,1.685,22.15,73.35,4432.9,5,27.06,51.97,0.0273,0
MCH-MOT-1006,Motor,62.16,1.591,23.49,77.9,4508.3,5,27.25,42.72,0.2275,0
MCH-MOT-1006,Motor,61.39,1.705,20.87,73.38,4581.1,5,29.99,50.84,0.1254,0
MCH-MOT-1006,Motor,61.83,1.57,22.43,150.0,4657.6,5,20.44,55.97,0.2184,1
MCH-MOT-1006,Motor,60.47,1.207,24.55,72.47,4718.9,5,23.19,45.55,0.0892,0
MCH-MOT-1006,Motor,62.72,1.654,23.65,59.24,4776.9,5,23.83,30.23,0.1002,0
MCH-MOT-1006,Motor,66.03,2.417,22.47,66.17,4832.3,5,27.11,60.68,0.333,0
MCH-MOT-1006,Motor,57.71,2.23,19.91,65.51,4874.2,5,28.05,58.4,0.2201,0
MCH-MOT-1006,Motor,60.31,1.982,25.92,69.24,4950.5,5,27.83,73.33,0.2111,0
MCH-MOT-1006,Motor,54.7,1.875,24.15,150.0,5010.4,6,27.61,37.62,0.1312,1
MCH-MOT-1006,Motor,64.93,1.43,21.51,67.68,5068.6,6,25.21,57.98,0.1825,0
MCH-MOT-1006,Motor,61.73,1.507,18.71,71.57,5129.2,6,25.98,77.06,0.0658,0
MCH-MOT-1006,Motor,67.96,1.518,23.14,75.23,5201.0,6,31.03,50.75,0.2624,0
MCH-MOT-1006,Motor,60.0,1.838,18.92,73.87,5249.9,6,26.96,60.58,0.0,0
MCH-MOT-1006,Motor,60.72,1.786,23.57,68.81,5318.3,6,22.18,61.83,0.1008,0
MCH-MOT-1006,Motor,54.7,1.493,22.57,69.42,5386.8,6,19.47,50.4,0.0541,0
MCH-MOT-1006,Motor,58.19,1.75,24.09,74.77,5460.8,6,32.09,21.73,0.1097,0
MCH-MOT-1006,Motor,62.55,2.538,20.44,59.42,5501.1,6,28.03,51.7,0.3409,0
MCH-MOT-1006,Motor,64.3,1.774,21.52,73.14,5547.9,6,26.97,50.92,0.2423,0
MCH-MOT-1006,Motor,65.04,18.0,21.66,57.16,5606.8,6,27.41,45.9,0.4291,1
MCH-MOT-1006,Motor,59.92,1.488,19.44,77.34,5680.8,6,24.12,55.0,0.0318,0
MCH-MOT-1006,Motor,63.66,2.038,22.61,74.34,5759.4,6,33.49,60.1,0.2807,0
MCH-MOT-1006,Motor,57.89,2.009,20.75,79.72,5823.2,6,27.75,56.02,0.1133,0
MCH-MOT-1006,Motor,59.27,18.0,23.8,61.17,5871.7,7,26.86,64.95,0.3706,1
MCH-MOT-1006,Motor,65.87,1.327,120.0,74.62,5919.0,7,31.46,52.68,0.3973,1
MCH-MOT-1006,Motor,56.74,1.588,22.38,75.42,5984.6,7,23.34,52.62,0.0854,0
MCH-MOT-1006,Motor,61.67,1.797,20.91,77.49,6033.0,7,25.84,51.49,0.1211,0
MCH-MOT-1006,Motor,57.15,1.955,22.64,73.6,6095.1,7,30.2,80.05,0.1436,0
MCH-MOT-1006,Motor,53.52,1.485,20.59,64.15,6168.5,7,28.37,70.03,0.0032,0
MCH-MOT-1006,Motor,62.02,2.442,21.29,60.2,6224.1,7,32.21,32.94,0.3119,0
MCH-MOT-1006,Motor,62.08,1.769,21.62,62.92,6279.3,7,27.96,67.04,0.074,0
MCH-MOT-1006,Motor,56.68,1.426,20.38,72.35,6320.7,7,29.37,45.39,0.0725,0
MCH-MOT-1006,Motor,61.68,1.531,23.38,65.46,6370.9,7,24.05,56.84,0.1164,0
MCH-MOT-1006,Motor,63.0,1.841,22.72,59.49,6438.8,7,23.51,24.87,0.0901,0
MCH-MOT-1006,Motor,66.11,1.918,22.27,60.69,6493.2,7,27.12,76.51,0.2606,0
MCH-MOT-1006,Motor,57.74,1.273,24.76,69.58,6539.6,7,20.97,43.91,0.0293,0
MCH-MOT-1006,Motor,59.47,1.862,20.99,74.66,6583.8,7,28.32,67.75,0.0674,0
MCH-MOT-1006,Motor,72.18,1.631,20.19,150.0,6627.6,7,27.16,34.37,0.3575,1
MCH-MOT-1006,Motor,52.38,1.849,19.3,67.71,6694.0,8,30.42,82.65,0.0291,0
MCH-MOT-1006,Motor,59.4,1.583,20.26,65.71,6758.5,8,31.3,49.14,0.109,0
MCH-MOT-1006,Motor,61.66,1.497,21.27,65.19,6819.2,8,31.2,35.33,0.0118,0
MCH-MOT-1006,Motor,57.63,2.005,24.47,78.28,6879.2,8,30.12,54.01,0.1859,0
MCH-MOT-1006,Motor,55.42,18.0,22.87,63.97,6925.3,8,27.74,56.44,0.4087,1
MCH-MOT-1006,Motor,63.33,1.859,21.12,70.65,6985.4,8,25.62,52.64,0.1092,0
MCH-MOT-1006,Motor,60.73,1.935,20.59,76.12,7027.8,8,31.04,64.21,0.1456,0
MCH-MOT-1006,Motor,64.14,2.182,22.57,69.31,7104.8,8,31.58,44.15,0.3471,0
MCH-MOT-1006,Motor,59.79,1.278,23.66,64.22,7147.1,8,26.11,52.44,0.0955,0
MCH-MOT-1006,Motor,58.63,1.78,21.88,67.32,7204.1,8,24.91,67.98,0.0137,0
MCH-MOT-1006,Motor,59.18,1.659,22.84,61.27,7244.1,8,26.0,53.77,0.0424,0
MCH-MOT-1006,Motor,61.33,1.445,21.03,75.32,7315.5,8,23.2,54.06,0.1074,0
MCH-MOT-1006,Motor,58.46,2.609,21.17,72.7,7362.2,8,24.93,61.33,0.3753,0
MCH-MOT-1006,Motor,57.65,1.784,20.21,63.13,7439.2,8,32.15,48.35,0.0372,0
MCH-MOT-1006,Motor,67.06,1.559,21.51,79.85,7480.9,8,27.43,53.04,0.2601,0
MCH-MOT-1006,Motor,53.46,1.75,22.73,71.83,7553.8,9,26.07,55.24,0.0707,0
MCH-MOT-1006,Motor,61.84,1.848,25.95,70.04,7620.0,9,24.23,54.39,0.1896,0
MCH-MOT-1006,Motor,61.74,1.808,19.48,60.19,7670.0,9,29.05,71.6,0.0581,0
MCH-MOT-1006,Motor,63.25,2.104,22.53,65.11,7718.1,9,28.78,69.48,0.2715,0
MCH-MOT-1006,Motor,62.99,1.661,21.6,69.29,7772.4,9,27.79,69.02,0.1164,0
MCH-MOT-1006,Motor,60.12,1.776,19.26,74.03,7845.6,9,25.1,50.72,0.0,0
MCH-MOT-1006,Motor,64.04,1.972,22.76,69.01,7920.0,9,36.0,64.63,0.1995,0
MCH-MOT-1006,Motor,54.4,1.97,21.89,61.43,7967.0,9,29.71,51.77,0.0772,0
MCH-MOT-1006,Motor,61.77,1.618,23.27,67.01,8021.2,9,26.27,48.61,0.0952,0
MCH-MOT-1006,Motor,58.88,2.212,25.57,65.57,8070.7,9,16.32,67.53,0.3342,0
MCH-MOT-1006,Motor,56.54,1.623,21.17,77.78,8115.6,9,28.64,70.4,0.2099,0
MCH-MOT-1006,Motor,58.76,1.683,23.12,74.92,8181.4,9,31.99,51.86,0.0,0
MCH-MOT-1006,Motor,62.34,1.685,19.73,65.16,8235.3,9,27.04,62.95,0.1,0
MCH-MOT-1006,Motor,54.58,1.621,21.28,74.77,8284.3,9,25.89,49.84,0.0583,0
MCH-MOT-1006,Motor,61.93,1.752,20.69,68.44,8358.9,10,32.51,42.94,0.0783,0
MCH-MOT-1006,Motor,65.01,1.823,23.34,72.41,8428.9,10,27.86,50.82,0.2259,0
MCH-MOT-1006,Motor,64.65,2.125,19.63,77.83,8499.8,10,26.57,45.94,0.3105,0
MCH-MOT-1006,Motor,63.32,1.962,21.49,75.03,8541.4,10,28.56,48.12,0.1834,0
MCH-MOT-1006,Motor,61.64,1.775,19.25,75.08,8618.0,10,26.08,74.11,0.1084,0
MCH-MOT-1006,Motor,59.28,1.59,20.05,67.08,8681.0,10,35.08,56.72,0.0713,0
MCH-MOT-1006,Motor,52.69,1.284,20.93,66.2,8741.1,10,27.1,27.73,0.0491,0
MCH-MOT-1006,Motor,64.11,2.287,18.21,65.19,8781.6,10,24.58,56.75,0.3191,0
MCH-MOT-1006,Motor,66.73,1.813,21.75,79.56,8857.5,10,27.94,59.8,0.2254,0
MCH-MOT-1006,Motor,54.52,1.617,26.37,73.8,8919.2,10,29.1,43.28,0.2844,0
MCH-MOT-1006,Motor,54.57,1.33,20.88,81.73,8992.2,10,35.59,49.59,0.13,0
MCH-MOT-1006,Motor,53.44,1.823,22.32,74.74,9058.4,10,31.64,52.63,0.1149,0
MCH-MOT-1006,Motor,57.2,1.961,20.99,72.76,9130.3,10,29.51,55.83,0.092,0
MCH-MOT-1006,Motor,53.72,1.481,21.46,61.34,9198.0,11,26.37,50.5,0.0398,0
MCH-MOT-1006,Motor,60.57,2.109,22.6,66.79,9274.9,11,28.53,63.75,0.1919,0
MCH-MOT-1006,Motor,59.47,1.306,18.56,68.04,9323.9,11,18.65,76.54,0.0,0
MCH-MOT-1006,Motor,57.46,1.467,24.06,63.32,9372.0,11,23.93,45.81,0.0591,0
MCH-MOT-1006,Motor,62.48,2.158,24.09,70.0,9440.5,11,32.08,46.95,0.2627,0
MCH-MOT-1006,Motor,57.32,1.558,20.74,64.24,9500.5,11,26.16,62.44,0.0134,0
MCH-MOT-1006,Motor,53.1,1.414,20.42,74.59,9564.5,11,27.18,46.31,0.0162,0
MCH-MOT-1006,Motor,63.83,1.794,20.37,71.62,9632.8,11,27.07,52.11,0.1338,0
MCH-MOT-1006,Motor,63.7,1.875,24.07,78.02,9694.7,11,29.84,48.92,0.3088,0
MCH-MOT-1006,Motor,61.86,2.581,22.62,74.19,9766.2,11,29.16,53.81,0.4206,0
MCH-MOT-1006,Motor,61.18,1.956,24.31,71.85,9819.0,11,26.15,51.08,0.1455,0
MCH-MOT-1006,Motor,66.64,1.638,120.0,71.66,9893.4,11,29.21,53.59,0.3206,1
MCH-MOT-1006,Motor,56.13,2.319,22.23,76.75,9937.7,11,33.54,50.07,0.2732,0
MCH-MOT-1006,Motor,60.18,1.453,21.63,73.53,10003.0,12,26.0,51.1,0.0022,0
MCH-MOT-1006,Motor,68.45,1.25,23.0,68.48,10078.6,12,25.44,51.67,0.2713,0
MCH-MOT-1006,Motor,62.9,1.856,24.19,77.61,10128.7,12,31.27,48.45,0.2872,0
MCH-MOT-1006,Motor,62.0,1.555,18.86,57.86,10181.8,12,28.28,58.58,0.062,0
MCH-MOT-1006,Motor,64.18,1.846,24.7,72.22,10234.0,12,23.73,60.5,0.2412,0
MCH-MOT-1006,Motor,57.81,1.367,22.2,63.99,10296.6,12,32.48,50.11,0.0354,0
MCH-MOT-1006,Motor,51.5,1.84,24.86,64.66,10353.1,12,27.36,50.16,0.1024,0
MCH-MOT-1006,Motor,60.98,1.411,21.78,73.1,10397.4,12,27.14,43.0,0.0841,0
MCH-MOT-1006,Motor,62.92,1.488,19.41,64.29,10473.1,12,30.18,58.31,0.0855,0
MCH-MOT-1006,Motor,58.7,1.523,23.84,66.68,10521.3,12,28.75,36.4,0.0554,0
MCH-MOT-1006,Motor,64.04,1.585,23.63,56.01,10582.6,12,25.76,52.94,0.11,0
MCH-MOT-1006,Motor,55.32,2.001,24.11,65.67,10646.4,12,26.51,56.7,0.173,0
MCH-MOT-1006,Motor,58.18,2.183,23.05,69.06,10688.1,12,28.45,61.97,0.2578,0
MCH-MOT-1006,Motor,57.77,2.26,24.63,74.06,10731.9,12,24.63,42.76,0.3323,0
MCH-MOT-1006,Motor,60.24,1.269,22.99,77.72,10810.8,12,30.31,46.89,0.1782,0
MCH-MOT-1006,Motor,61.2,1.754,22.89,73.61,10877.3,13,32.37,41.41,0.0938,0
MCH-MOT-1006,Motor,58.55,1.77,23.73,75.84,10918.7,13,33.59,60.11,0.1676,0
MCH-MOT-1006,Motor,58.99,1.28,24.68,68.07,10990.4,13,30.02,63.15,0.0754,0
MCH-MOT-1006,Motor,56.31,2.264,22.58,66.52,11050.8,13,27.49,68.03,0.265,0
MCH-MOT-1006,Motor,54.14,2.29,23.93,69.09,11093.8,13,23.23,67.65,0.3482,0
MCH-MOT-1006,Motor,54.17,1.73,28.25,70.1,11161.0,13,25.03,42.9,0.2196,0
MCH-MOT-1006,Motor,63.39,2.222,22.5,150.0,11221.0,13,24.61,56.95,0.4587,1
MCH-MOT-1006,Motor,61.28,1.612,22.13,59.94,11269.2,13,18.72,64.98,0.0544,0
MCH-MOT-1006,Motor,58.95,2.049,24.79,73.21,11344.3,13,35.71,61.03,0.2433,0
MCH-MOT-1006,Motor,60.96,1.414,23.91,55.33,11396.0,13,25.65,55.28,0.0767,0
MCH-MOT-1006,Motor,58.19,2.352,24.21,65.89,11447.3,13,26.12,39.68,0.3089,0
MCH-MOT-1006,Motor,59.0,1.21,22.2,72.63,11498.3,13,31.85,54.12,0.0806,0
MCH-MOT-1006,Motor,67.95,1.802,23.44,66.76,11569.0,13,30.76,37.53,0.2731,0
MCH-MOT-1006,Motor,55.17,1.619,24.5,66.33,11637.2,13,30.87,73.21,0.1057,0
MCH-MOT-1006,Motor,63.98,1.959,22.23,74.5,11713.3,14,35.36,47.35,0.2238,0
MCH-MOT-1006,Motor,55.93,2.098,24.26,66.78,11762.5,14,19.46,46.9,0.2278,0
MCH-MOT-1006,Motor,59.73,1.854,20.95,76.08,11833.9,14,29.37,62.04,0.0966,0
MCH-MOT-1006,Motor,62.1,1.938,20.14,72.24,11896.9,14,31.17,68.86,0.1248,0
MCH-MOT-1006,Motor,56.14,1.557,21.13,71.14,11949.2,14,27.51,41.52,0.0,0
MCH-MOT-1006,Motor,51.61,0.864,21.74,83.92,11990.6,14,35.19,43.26,0.1135,0
MCH-MOT-1006,Motor,54.14,1.406,19.61,68.65,12063.4,14,27.27,58.03,0.0,0
MCH-MOT-1006,Motor,58.65,1.811,19.81,61.93,12113.0,14,22.0,62.79,0.0175,0
MCH-MOT-1006,Motor,52.52,1.781,19.5,79.96,12178.3,14,25.68,63.18,0.0856,0
MCH-MOT-1006,Motor,56.18,1.823,23.11,70.69,12240.3,14,29.44,39.04,0.0827,0
MCH-MOT-1006,Motor,58.06,1.905,23.84,74.01,12280.4,14,29.39,62.71,0.1351,0
MCH-MOT-1006,Motor,65.98,1.79,22.33,75.59,12360.2,14,26.04,38.98,0.3103,0
MCH-MOT-1006,Motor,59.18,1.438,23.0,78.59,12432.8,14,21.48,67.27,0.0743,0
MCH-MOT-1006,Motor,58.4,2.352,21.34,70.54,12492.2,14,31.05,34.4,0.3112,0
MCH-MOT-1006,Motor,60.26,2.359,19.53,67.71,12559.5,15,24.29,42.59,0.2547,0
MCH-MOT-1006,Motor,60.11,1.633,20.96,66.62,12618.5,15,26.1,39.83,0.0204,0
MCH-MOT-1006,Motor,58.56,1.573,22.31,71.44,12688.3,15,25.77,53.27,0.0842,0
MCH-MOT-1006,Motor,68.48,1.484,20.17,63.64,12733.7,15,32.23,50.22,0.2349,0
MCH-MOT-1006,Motor,67.99,1.797,23.41,73.12,12791.5,15,25.65,67.71,0.2609,0
MCH-MOT-1006,Motor,65.36,1.624,21.04,63.47,12845.0,15,24.3,49.88,0.2416,0
MCH-MOT-1006,Motor,59.07,1.648,23.58,72.54,12903.3,15,25.17,49.5,0.0136,0
MCH-MOT-1006,Motor,65.94,1.553,20.56,63.23,12961.4,15,22.07,58.68,0.1762,0
MCH-MOT-1006,Motor,65.13,2.112,26.79,69.56,13007.1,15,26.96,39.4,0.4184,0
MCH-MOT-1006,Motor,60.47,1.995,19.72,72.11,13086.1,15,28.82,56.67,0.2015,0
MCH-MOT-1006,Motor,64.76,2.415,19.78,74.32,13126.8,15,16.49,63.02,0.4019,0
MCH-MOT-1006,Motor,57.9,1.406,21.57,75.03,13167.2,15,20.57,50.69,0.1805,0
MCH-MOT-1006,Motor,66.32,1.93,19.65,67.17,13222.1,15,34.22,63.57,0.2935,0
MCH-MOT-1006,Motor,58.93,1.729,20.92,59.74,13286.9,15,25.29,71.67,0.0,0
MCH-MOT-1006,Motor,59.59,1.842,26.44,70.05,13334.1,16,32.38,47.82,0.134,0
MCH-MOT-1006,Motor,60.05,1.568,21.59,75.33,13395.4,16,24.8,55.0,0.0871,0
MCH-MOT-1006,Motor,56.7,2.129,22.15,69.01,13464.3,16,19.97,50.52,0.1297,0
MCH-MOT-1006,Motor,66.98,1.97,24.25,62.75,13508.1,16,27.49,69.65,0.3644,0
MCH-MOT-1006,Motor,63.86,2.02,22.55,68.03,13587.5,16,24.05,76.3,0.2291,0
MCH-MOT-1006,Motor,61.36,1.676,22.08,70.99,13641.0,16,29.6,63.81,0.0482,0
MCH-MOT-1006,Motor,54.13,1.825,18.51,68.06,13706.6,16,25.96,60.9,0.0221,0
MCH-MOT-1006,Motor,52.22,2.482,21.53,72.09,13751.1,16,22.34,66.96,0.3581,0
MCH-MOT-1006,Motor,59.75,1.219,22.15,75.07,13819.5,16,27.05,69.09,0.0074,0
MCH-MOT-1006,Motor,57.44,2.279,22.09,70.3,13893.1,16,28.4,55.83,0.2769,0
MCH-MOT-1006,Motor,59.26,1.391,25.25,79.52,13937.3,16,31.41,52.14,0.2398,0
MCH-MOT-1006,Motor,57.37,2.383,20.62,55.87,13982.3,16,32.12,73.01,0.2762,0
MCH-MOT-1006,Motor,64.15,2.16,22.11,57.54,14033.6,16,28.11,62.46,0.2331,0
MCH-MOT-1006,Motor,59.95,1.746,20.07,63.99,14074.0,16,35.35,77.49,0.1024,0
MCH-MOT-1006,Motor,61.13,1.506,23.29,80.56,14153.5,16,21.88,60.57,0.1526,0
MCH-MOT-1006,Motor,62.11,2.293,26.07,68.6,14217.4,17,30.69,56.01,0.3405,0
MCH-MOT-1006,Motor,61.08,2.001,22.43,64.71,14281.7,17,26.15,49.53,0.239,0
MCH-MOT-1006,Motor,61.25,1.925,23.96,64.85,14360.1,17,25.69,73.65,0.1539,0
MCH-MOT-1006,Motor,60.12,1.747,24.27,77.03,14433.4,17,32.45,55.32,0.1053,0
MCH-MOT-1006,Motor,67.7,2.057,21.09,78.54,14505.9,17,25.86,71.93,0.3958,0
MCH-MOT-1006,Motor,56.31,1.975,23.56,85.69,14559.5,17,25.03,72.19,0.2527,0
MCH-MOT-1006,Motor,55.03,1.764,22.0,63.65,14612.9,17,29.25,66.49,0.1201,0
MCH-MOT-1006,Motor,57.83,1.755,21.99,71.3,14664.6,17,32.44,58.26,0.0562,0
MCH-MOT-1006,Motor,57.75,1.85,24.25,77.79,14718.4,17,35.1,56.57,0.1775,0
MCH-MOT-1006,Motor,54.18,1.929,19.85,69.62,14773.2,17,40.12,58.64,0.1459,0
MCH-MOT-1006,Motor,61.63,1.645,20.08,82.62,14818.8,17,32.27,59.15,0.181,0
MCH-MOT-1006,Motor,58.76,2.263,22.61,51.5,14873.1,17,37.68,57.2,0.2779,0
MCH-MOT-1006,Motor,64.35,1.94,23.49,67.46,14930.9,17,23.08,58.36,0.2591,0
MCH-MOT-1006,Motor,57.41,1.582,24.44,67.26,14983.3,17,26.36,50.52,0.1241,0
MCH-MOT-1006,Motor,53.71,1.638,22.46,71.34,15029.9,18,32.63,77.07,0.0795,0
MCH-MOT-1006,Motor,63.66,1.755,20.75,70.11,15084.9,18,30.34,64.86,0.1834,0
MCH-MOT-1006,Motor,59.52,2.036,24.52,75.28,15144.1,18,27.87,44.99,0.2243,0
MCH-MOT-1006,Motor,57.28,1.877,23.04,61.51,15212.9,18,25.98,57.92,0.1439,0
MCH-MOT-1006,Motor,61.74,1.708,20.55,70.32,15281.4,18,29.57,44.82,0.1553,0
MCH-MOT-1006,Motor,61.87,1.571,18.68,60.78,15329.5,18,26.33,39.18,0.0702,0
MCH-MOT-1006,Motor,66.66,1.386,21.43,82.79,15370.9,18,29.63,50.59,0.3805,0
MCH-MOT-1006,Motor,61.72,2.309,20.94,65.45,15423.1,18,22.48,56.24,0.2586,0
MCH-MOT-1006,Motor,58.14,1.527,24.15,66.95,15469.4,18,29.59,35.75,0.0872,0
MCH-MOT-1006,Motor,55.19,1.672,26.42,75.59,15525.2,18,27.49,93.39,0.2449,0
MCH-MOT-1006,Motor,6000.0,1.34,21.51,61.91,15604.4,18,29.03,55.67,0.3552,1
MCH-MOT-1006,Motor,64.37,1.63,22.65,74.92,15651.6,18,22.07,46.02,0.2043,0
MCH-MOT-1006,Motor,62.52,18.0,21.57,68.1,15704.4,18,24.51,58.96,0.4887,1
MCH-COM-1007,Compressor,67.01,3.518,25.9,66.75,1719.3,2,24.23,69.04,0.2122,0
MCH-COM-1007,Compressor,68.9,2.785,25.28,66.68,1781.0,2,25.57,44.5,0.1873,0
MCH-COM-1007,Compressor,65.37,3.231,24.02,69.42,1854.5,2,28.73,42.64,0.0672,0
MCH-COM-1007,Compressor,64.54,2.837,25.92,74.54,1932.9,2,21.37,42.26,0.0,0
MCH-COM-1007,Compressor,65.34,2.159,25.7,71.64,1987.6,2,24.5,41.26,0.0115,0
MCH-COM-1007,Compressor,57.14,2.581,25.24,84.47,2031.1,2,30.22,44.85,0.0905,0
MCH-COM-1007,Compressor,59.58,3.133,25.98,69.71,2101.1,2,30.79,48.83,0.09,0
MCH-COM-1007,Compressor,57.64,3.167,24.18,81.9,2142.0,2,27.82,69.99,0.1003,0
MCH-COM-1007,Compressor,64.49,3.394,26.59,77.83,2190.9,2,18.83,43.21,0.1211,0
MCH-COM-1007,Compressor,59.98,3.441,26.41,70.65,2233.0,2,20.02,48.17,0.1897,0
MCH-COM-1007,Compressor,61.55,2.603,23.0,82.29,2309.0,2,27.03,47.49,0.1261,0
MCH-COM-1007,Compressor,67.32,2.54,22.55,81.95,2349.2,2,28.07,36.41,0.1023,0
MCH-COM-1007,Compressor,60.54,2.38,20.91,68.4,2408.9,2,24.32,49.45,0.0809,0
MCH-COM-1007,Compressor,63.93,2.916,26.02,73.58,2465.8,2,29.6,58.37,0.0764,0
MCH-COM-1007,Compressor,76.07,3.456,22.84,77.22,2531.9,3,24.83,60.36,0.4746,0
MCH-COM-1007,Compressor,60.57,3.172,27.0,78.02,2583.5,3,31.42,59.49,0.1481,0
MCH-COM-1007,Compressor,62.99,3.407,27.05,74.62,2658.5,3,27.53,74.1,0.1723,0
MCH-COM-1007,Compressor,65.3,3.242,24.8,70.08,2727.9,3,29.51,54.53,0.1089,0
MCH-COM-1007,Compressor,68.15,2.702,26.46,76.85,2785.2,3,33.24,48.71,0.1282,0
MCH-COM-1007,Compressor,64.6,3.029,23.23,78.46,2839.5,3,29.67,70.42,0.0648,0
MCH-COM-1007,Compressor,63.35,3.395,23.41,81.51,2912.1,3,32.33,70.09,0.2083,0
MCH-COM-1007,Compressor,63.05,3.055,25.76,71.64,2982.4,3,33.33,61.96,0.0931,0
MCH-COM-1007,Compressor,72.53,3.049,22.81,70.02,3038.3,3,33.95,76.9,0.2232,0
MCH-COM-1007,Compressor,70.28,3.608,26.11,76.97,3092.0,3,30.16,63.83,0.3307,0
MCH-COM-1007,Compressor,67.93,3.729,24.59,73.12,3133.6,3,29.91,47.2,0.2797,0
MCH-COM-1007,Compressor,69.59,2.775,25.04,71.34,3176.8,3,33.11,65.24,0.1667,0
MCH-COM-1007,Compressor,60.28,2.827,26.14,76.13,3219.0,3,28.44,57.54,0.0805,0
MCH-COM-1007,Compressor,64.83,3.225,23.03,90.32,3260.0,3,26.86,57.44,0.1625,0
MCH-COM-1007,Compressor,63.36,3.004,24.99,69.52,3306.1,3,29.75,35.21,0.0,0
MCH-COM-1007,Compressor,68.17,3.32,21.53,70.24,3380.4,4,33.56,100.0,0.1656,0
MCH-COM-1007,Compressor,69.15,3.262,23.31,80.97,3452.3,4,23.6,40.47,0.2199,0
MCH-COM-1007,Compressor,68.9,2.971,25.2,74.91,3526.1,4,23.5,46.95,0.1419,0
MCH-COM-1007,Compressor,59.38,2.748,22.84,78.47,3591.1,4,30.64,39.48,0.0665,0
MCH-COM-1007,Compressor,72.42,2.51,25.85,75.63,3656.0,4,32.37,58.55,0.198,0
MCH-COM-1007,Compressor,66.63,2.784,25.13,75.49,3701.0,4,27.63,39.17,0.0511,0
MCH-COM-1007,Compressor,69.27,2.478,24.4,73.65,3768.9,4,23.37,32.6,0.0659,0
MCH-COM-1007,Compressor,63.57,2.279,25.35,81.98,3820.1,4,31.37,53.48,0.0142,0
MCH-COM-1007,Compressor,67.86,3.073,25.85,86.62,3880.9,4,24.7,20.5,0.1873,0
MCH-COM-1007,Compressor,66.94,3.013,22.57,66.48,3959.1,4,26.58,40.05,0.1164,0
MCH-COM-1007,Compressor,63.35,2.686,23.48,76.58,4033.9,4,28.17,57.42,0.0287,0
MCH-COM-1007,Compressor,64.71,2.483,23.54,72.63,4083.3,4,36.26,38.81,0.1113,0
MCH-COM-1007,Compressor,65.39,2.848,27.15,73.15,4152.7,4,27.06,64.78,0.0798,0
MCH-COM-1007,Compressor,70.63,2.932,24.9,75.28,4196.9,5,28.59,44.83,0.1503,0
MCH-COM-1007,Compressor,65.83,2.978,22.46,75.37,4238.0,5,20.43,48.02,0.0,0
MCH-COM-1007,Compressor,66.15,3.94,26.14,83.69,4279.1,5,30.58,68.5,0.3336,0
MCH-COM-1007,Compressor,62.07,2.601,26.34,74.98,4325.9,5,28.88,52.02,0.0055,0
MCH-COM-1007,Compressor,71.48,2.45,26.37,78.15,4393.7,5,21.68,45.03,0.1588,0
MCH-COM-1007,Compressor,67.26,2.816,24.83,66.25,4448.2,5,37.3,55.85,0.0451,0
MCH-COM-1007,Compressor,62.84,2.674,28.83,63.5,4488.9,5,29.11,40.46,0.124,0
MCH-COM-1007,Compressor,62.45,2.507,25.07,59.59,4568.4,5,26.74,53.92,0.0,0
MCH-COM-1007,Compressor,71.05,2.703,24.53,71.45,4629.7,5,27.67,70.7,0.1461,0
MCH-COM-1007,Compressor,67.98,3.544,120.0,76.49,4685.5,5,34.28,64.51,0.4149,1
MCH-COM-1007,Compressor,66.4,2.089,25.58,65.74,4746.2,5,21.5,57.31,0.0041,0
MCH-COM-1007,Compressor,64.97,3.069,25.37,69.58,4807.0,5,31.59,53.93,0.0545,0
MCH-COM-1007,Compressor,60.21,2.911,27.19,80.82,4865.8,5,24.81,48.45,0.1417,0
MCH-COM-1007,Compressor,62.37,2.3,24.72,78.8,4930.3,5,24.86,53.91,0.0757,0
MCH-COM-1007,Compressor,69.22,2.694,23.85,69.92,5005.8,6,23.45,61.35,0.1402,0
MCH-COM-1007,Compressor,65.22,3.637,27.66,65.12,5057.8,6,30.59,57.71,0.244,0
MCH-COM-1007,Compressor,66.31,2.137,27.93,78.09,5117.3,6,24.54,47.98,0.1188,0
MCH-COM-1007,Compressor,63.74,2.759,22.35,79.66,5157.5,6,33.11,54.67,0.0534,0
MCH-COM-1007,Compressor,66.74,2.99,22.84,71.08,5231.9,6,26.81,57.98,0.1267,0
MCH-COM-1007,Compressor,65.84,2.238,26.33,75.02,5284.1,6,38.21,50.35,0.1101,0
MCH-COM-1007,Compressor,76.32,3.097,24.86,69.08,5334.9,6,34.11,41.09,0.3158,0
MCH-COM-1007,Compressor,63.11,2.905,22.15,83.06,5414.8,6,26.89,40.42,0.0863,0
MCH-COM-1007,Compressor,62.98,3.167,26.68,77.84,5478.2,6,19.21,63.34,0.1242,0
MCH-COM-1007,Compressor,63.68,2.945,21.78,76.15,5523.1,6,22.54,51.57,0.0348,0
MCH-COM-1007,Compressor,68.18,3.537,23.36,83.71,5573.8,6,31.79,49.85,0.2634,0
MCH-COM-1007,Compressor,59.22,3.136,23.53,82.2,5627.9,6,25.28,44.19,0.0739,0
MCH-COM-1007,Compressor,62.26,3.004,26.97,75.7,5707.3,6,28.48,57.46,0.1197,0
MCH-COM-1007,Compressor,66.57,3.08,26.79,78.63,5764.6,6,27.19,67.39,0.0717,0
MCH-COM-1007,Compressor,65.99,2.844,25.92,72.74,5813.8,6,34.59,79.21,0.1171,0
MCH-COM-1007,Compressor,71.17,2.23,22.16,73.07,5876.6,7,28.16,52.62,0.1459,0
MCH-COM-1007,Compressor,69.61,4.077,27.56,81.51,5932.7,7,28.9,44.88,0.4029,0
MCH-COM-1007,Compressor,73.42,2.824,24.09,81.64,5974.9,7,32.69,44.83,0.227,0
MCH-COM-1007,Compressor,62.99,3.035,27.21,70.18,6049.4,7,32.36,56.22,0.0982,0
MCH-COM-1007,Compressor,66.28,2.952,26.15,72.98,6090.0,7,20.82,52.11,0.0859,0
MCH-COM-1007,Compressor,58.63,2.963,20.87,72.91,6166.0,7,28.97,56.16,0.0543,0
MCH-COM-1007,Compressor,64.66,2.608,25.02,75.35,6237.6,7,24.4,58.21,0.0584,0
MCH-COM-1007,Compressor,64.34,4.211,24.72,73.32,6280.7,7,26.31,43.35,0.2346,0
MCH-COM-1007,Compressor,62.26,2.716,23.92,69.09,6349.6,7,21.0,49.44,0.0373,0
MCH-COM-1007,Compressor,65.79,3.78,26.5,78.14,6420.4,7,35.53,53.83,0.3231,0
MCH-COM-1007,Compressor,64.95,3.772,25.01,71.11,6484.5,7,30.35,45.2,0.2126,0
MCH-COM-1007,Compressor,66.66,2.905,26.13,66.07,6547.6,7,28.65,49.45,0.1135,0
MCH-COM-1007,Compressor,65.62,2.702,22.24,82.83,6589.6,7,26.6,45.5,0.0037,0
MCH-COM-1007,Compressor,67.6,3.317,25.04,75.96,6632.0,7,28.93,59.04,0.1271,0
MCH-COM-1007,Compressor,69.38,3.028,23.37,74.13,6701.1,8,31.02,33.56,0.1942,0
MCH-COM-1007,Compressor,68.67,3.76,22.47,75.6,6745.3,8,26.4,51.87,0.2737,0
MCH-COM-1007,Compressor,59.83,2.446,24.4,74.13,6795.0,8,23.5,64.48,0.118,0
MCH-COM-1007,Compressor,63.31,3.141,24.74,80.02,6854.9,8,24.27,38.23,0.0327,0
MCH-COM-1007,Compressor,65.24,2.38,22.22,76.09,6901.5,8,24.97,37.57,0.0984,0
MCH-COM-1007,Compressor,62.47,3.575,25.06,76.77,6973.1,8,27.15,23.14,0.1417,0
MCH-COM-1007,Compressor,64.5,3.182,21.42,74.68,7045.4,8,23.51,57.82,0.102,0
MCH-COM-1007,Compressor,67.97,3.533,25.92,80.16,7119.1,8,26.6,88.88,0.2752,0
MCH-COM-1007,Compressor,62.89,3.451,26.51,77.92,7161.1,8,30.7,30.0,0.1952,0
MCH-COM-1007,Compressor,64.18,3.623,20.93,76.54,7218.2,8,25.75,61.87,0.2027,0
MCH-COM-1007,Compressor,66.46,2.471,24.89,73.92,7292.1,8,29.98,66.87,0.0466,0
MCH-COM-1007,Compressor,57.65,2.362,25.22,90.67,7346.6,8,34.58,19.31,0.1671,0
MCH-COM-1007,Compressor,68.73,2.909,24.08,73.4,7414.4,8,30.21,41.22,0.1079,0
MCH-COM-1007,Compressor,64.78,2.532,27.25,65.73,7478.0,8,25.78,48.14,0.0933,0
MCH-COM-1007,Compressor,62.26,1.923,23.84,77.73,7531.9,9,31.14,82.32,0.0,0
MCH-COM-1007,Compressor,65.75,2.554,28.25,72.79,7582.9,9,25.37,50.0,0.1172,0
MCH-COM-1007,Compressor,63.14,2.883,26.46,72.67,7649.1,9,22.93,35.75,0.1162,0
MCH-COM-1007,Compressor,65.29,2.723,24.07,77.33,7694.4,9,33.56,45.64,0.0883,0
MCH-COM-1007,Compressor,68.83,2.612,24.97,74.77,7768.8,9,22.75,57.02,0.1531,0
MCH-COM-1007,Compressor,67.22,2.407,25.02,83.29,7831.9,9,36.31,70.36,0.1572,0
MCH-COM-1007,Compressor,66.8,2.758,25.57,70.37,7876.3,9,21.15,50.87,0.1518,0
MCH-COM-1007,Compressor,66.15,3.201,25.43,77.43,7944.5,9,30.12,51.7,0.142,0
MCH-COM-1007,Compressor,71.97,3.071,25.09,75.62,8001.7,9,27.13,49.78,0.1862,0
MCH-COM-1007,Compressor,62.98,2.927,23.42,75.65,8049.9,9,30.34,52.46,0.0718,0
MCH-COM-1007,Compressor,67.36,3.06,23.01,79.64,8128.3,9,22.41,67.54,0.1668,0
MCH-COM-1007,Compressor,55.92,3.089,24.19,71.66,8197.1,9,25.05,53.47,0.074,0
MCH-COM-1007,Compressor,57.57,3.636,24.51,70.61,8260.8,9,23.49,64.25,0.1621,0
MCH-COM-1007,Compressor,65.54,2.708,23.95,68.38,8334.8,10,25.52,55.11,0.0531,0
MCH-COM-1007,Compressor,67.13,2.607,24.82,80.33,8396.5,10,21.35,54.92,0.1644,0
MCH-COM-1007,Compressor,60.79,3.131,23.91,67.7,8454.2,10,33.3,66.04,0.0978,0
MCH-COM-1007,Compressor,59.1,3.297,24.43,84.0,8501.8,10,30.47,58.59,0.0961,0
MCH-COM-1007,Compressor,66.97,2.362,27.61,77.53,8547.9,10,24.7,64.66,0.1398,0
MCH-COM-1007,Compressor,64.13,3.275,24.14,75.51,8605.2,10,21.97,54.99,0.0683,0
MCH-COM-1007,Compressor,72.2,2.102,24.44,82.73,8663.4,10,27.03,52.94,0.2111,0
MCH-COM-1007,Compressor,61.27,2.087,23.74,69.06,8732.7,10,28.47,45.55,0.0,0
MCH-COM-1007,Compressor,63.19,2.976,23.94,68.63,8790.4,10,28.34,67.81,0.1144,0
MCH-COM-1007,Compressor,62.56,2.938,20.9,74.16,8854.2,10,26.4,43.8,0.0,0
MCH-COM-1007,Compressor,63.36,3.496,27.18,69.43,8927.5,10,25.93,49.09,0.1696,0
MCH-COM-1007,Compressor,65.58,3.046,26.07,71.42,9007.2,10,33.46,54.98,0.02,0
MCH-COM-1007,Compressor,64.08,3.616,24.15,80.7,9060.1,10,25.5,45.81,0.2377,0
MCH-COM-1007,Compressor,61.5,3.411,25.7,69.76,9136.2,10,27.71,48.41,0.1402,0
MCH-COM-1007,Compressor,72.55,2.815,26.07,75.15,9208.4,11,28.1,53.02,0.224,0
MCH-COM-1007,Compressor,66.34,2.856,23.19,81.09,9251.1,11,28.4,52.26,0.0866,0
MCH-COM-1007,Compressor,57.66,3.636,23.24,76.27,9304.5,11,25.65,43.92,0.2073,0
MCH-COM-1007,Compressor,72.42,2.889,25.67,75.34,9353.3,11,34.92,29.64,0.2237,0
MCH-COM-1007,Compressor,62.09,1.822,24.28,86.09,9419.8,11,25.38,64.49,0.0203,0
MCH-COM-1007,Compressor,64.95,3.06,21.57,70.7,9482.0,11,31.63,55.73,0.0046,0
MCH-COM-1007,Compressor,65.53,4.096,24.14,84.63,9541.8,11,28.53,75.33,0.3066,0
MCH-COM-1007,Compressor,65.74,2.803,25.28,82.33,9612.4,11,29.52,69.64,0.122,0
MCH-COM-1007,Compressor,61.71,3.008,24.92,73.88,9665.7,11,24.17,69.38,0.0808,0
MCH-COM-1007,Compressor,70.7,3.006,26.3,78.35,9721.0,11,24.7,59.41,0.2827,0
MCH-COM-1007,Compressor,66.01,3.451,26.39,76.84,9795.7,11,28.75,61.57,0.1475,0
MCH-COM-1007,Compressor,59.59,3.124,24.63,72.65,9874.5,11,33.18,46.2,0.1004,0
MCH-COM-1007,Compressor,68.18,2.29,21.14,80.45,9945.6,11,28.63,60.67,0.1194,0
MCH-COM-1007,Compressor,59.46,2.407,24.46,67.37,9994.3,11,29.23,49.45,0.155,0
MCH-COM-1007,Compressor,65.62,3.193,26.0,72.94,10038.8,12,28.74,57.83,0.1788,0
MCH-COM-1007,Compressor,67.59,3.075,26.13,67.28,10087.2,12,26.74,41.9,0.2109,0
MCH-COM-1007,Compressor,59.38,2.536,26.07,71.22,10144.1,12,24.29,65.88,0.1022,0
MCH-COM-1007,Compressor,67.89,3.424,24.54,73.77,10193.5,12,25.41,57.01,0.2156,0
MCH-COM-1007,Compressor,63.27,3.3,27.37,77.39,10269.6,12,35.18,46.53,0.1823,0
MCH-COM-1007,Compressor,67.86,2.614,24.45,64.38,10336.4,12,24.4,36.97,0.0789,0
MCH-COM-1007,Compressor,63.42,3.045,27.48,79.06,10393.1,12,21.51,62.3,0.1073,0
MCH-COM-1007,Compressor,64.61,2.989,25.41,70.85,10444.0,12,27.27,69.21,0.0801,0
MCH-COM-1007,Compressor,60.88,2.969,22.74,64.66,10499.2,12,26.62,72.38,0.1088,0
MCH-COM-1007,Compressor,65.71,1.935,25.88,75.56,10558.3,12,25.34,57.16,0.067,0
MCH-COM-1007,Compressor,60.76,3.166,27.39,73.63,10626.8,12,24.53,52.87,0.1097,0
MCH-COM-1007,Compressor,60.09,3.289,23.64,76.45,10670.4,12,25.74,48.2,0.0516,0
MCH-COM-1007,Compressor,59.36,3.243,28.46,79.11,10744.4,12,22.68,39.62,0.2176,0
MCH-COM-1007,Compressor,65.63,3.113,22.46,69.76,10789.5,12,24.75,52.83,0.1272,0
MCH-COM-1007,Compressor,61.27,2.512,22.73,78.81,10840.0,13,27.83,44.25,0.1103,0
MCH-COM-1007,Compressor,61.83,3.148,30.37,78.31,10919.7,13,27.63,47.02,0.2885,0
MCH-COM-1007,Compressor,67.93,3.34,24.07,82.28,10967.3,13,28.08,64.3,0.2462,0
MCH-COM-1007,Compressor,64.29,2.523,24.71,80.05,11011.4,13,25.97,60.28,0.0731,0
MCH-COM-1007,Compressor,68.12,3.156,22.6,73.66,11076.9,13,31.73,39.89,0.2075,0
MCH-COM-1007,Compressor,64.72,4.067,23.65,77.97,11132.6,13,29.04,47.93,0.2555,0
MCH-COM-1007,Compressor,63.21,2.821,21.68,74.85,11176.3,13,31.6,55.69,0.0309,0
MCH-COM-1007,Compressor,68.63,3.29,24.88,71.23,11216.5,13,26.05,37.35,0.2581,0
MCH-COM-1007,Compressor,65.58,3.858,26.06,69.81,11259.6,13,22.24,52.52,0.2327,0
MCH-COM-1007,Compressor,64.12,3.271,24.64,79.3,11320.5,13,21.61,74.25,0.1343,0
MCH-COM-1007,Compressor,68.17,2.864,24.77,73.55,11369.8,13,29.02,60.49,0.1446,0
MCH-COM-1007,Compressor,70.63,3.166,28.43,75.56,11440.9,13,32.31,60.14,0.3206,0
MCH-COM-1007,Compressor,65.72,3.252,24.94,77.48,11515.2,13,31.46,54.72,0.1826,0
MCH-COM-1007,Compressor,71.71,2.851,23.35,68.26,11561.0,13,26.65,48.25,0.2581,0
MCH-COM-1007,Compressor,62.27,3.265,29.06,79.92,11614.4,13,32.49,50.47,0.2667,0
MCH-COM-1007,Compressor,64.47,3.052,25.85,71.04,11660.3,13,26.3,65.25,0.1366,0
MCH-COM-1007,Compressor,65.27,2.402,24.41,66.35,11711.8,14,28.3,58.06,0.0126,0
MCH-COM-1007,Compressor,65.97,3.208,25.51,67.79,11761.3,14,26.99,59.92,0.121,0
MCH-COM-1007,Compressor,63.91,3.275,26.76,73.82,11832.8,14,32.59,69.43,0.2664,0
MCH-COM-1007,Compressor,66.83,4.18,23.77,87.74,11886.6,14,31.07,71.08,0.5169,0
MCH-COM-1007,Compressor,68.38,3.713,22.83,74.02,11946.5,14,19.43,52.86,0.2312,0
MCH-COM-1007,Compressor,64.13,4.462,28.44,66.36,12013.4,14,30.22,64.59,0.4755,0
MCH-COM-1007,Compressor,65.71,3.138,22.31,68.81,12086.3,14,28.69,56.19,0.098,0
MCH-COM-1007,Compressor,61.82,2.955,26.77,74.54,12138.4,14,34.49,46.65,0.1226,0
MCH-COM-1007,Compressor,63.58,3.294,23.44,86.56,12186.7,14,21.24,75.59,0.2359,0
MCH-COM-1007,Compressor,67.21,3.667,26.72,70.62,12265.9,14,30.4,77.41,0.3836,0
MCH-COM-1007,Compressor,73.47,3.193,24.13,69.64,12318.7,14,27.11,31.54,0.286,0
MCH-COM-1007,Compressor,63.95,2.463,26.5,73.69,12385.5,14,25.46,51.1,0.1282,0
MCH-COM-1007,Compressor,65.29,2.65,25.25,74.7,12452.6,14,23.44,51.54,0.0829,0
MCH-COM-1007,Compressor,67.29,2.885,26.35,69.12,12513.2,15,24.2,51.98,0.1324,0
MCH-COM-1007,Compressor,65.65,2.862,28.09,73.28,12562.3,15,36.94,48.86,0.096,0
MCH-COM-1007,Compressor,64.33,2.875,23.38,90.61,12608.0,15,29.27,60.57,0.1779,0
MCH-COM-1007,Compressor,62.69,3.513,21.65,68.14,12667.5,15,27.01,71.21,0.1938,0
MCH-COM-1007,Compressor,66.66,3.014,27.59,65.49,12727.9,15,30.94,52.61,0.1785,0
MCH-COM-1007,Compressor,61.72,3.012,24.79,68.99,12798.8,15,22.88,48.04,0.0083,0
MCH-COM-1007,Compressor,61.97,2.835,21.23,72.78,12867.2,15,32.09,63.46,0.1383,0
MCH-COM-1007,Compressor,65.23,3.122,23.34,84.75,12943.7,15,36.27,56.98,0.1604,0
MCH-COM-1007,Compressor,62.28,2.374,23.58,73.68,13022.5,15,37.25,51.63,0.023,0
MCH-COM-1007,Compressor,61.41,3.57,26.99,72.09,13091.7,15,20.5,41.46,0.176,0
MCH-COM-1007,Compressor,67.76,3.033,28.74,86.75,13134.7,15,27.86,54.79,0.31,0
MCH-COM-1007,Compressor,63.86,2.257,22.02,64.66,13190.9,15,32.34,36.26,0.0853,0
MCH-COM-1007,Compressor,62.08,3.869,24.27,65.6,13255.3,15,33.14,71.82,0.247,0
MCH-COM-1007,Compressor,180.0,2.547,24.76,75.65,13318.9,15,26.59,33.17,0.3487,1
MCH-COM-1007,Compressor,64.16,2.836,23.14,71.34,13366.1,16,33.64,41.32,0.0876,0
MCH-COM-1007,Compressor,65.19,3.122,23.54,72.89,13429.5,16,27.98,48.75,0.0847,0
MCH-COM-1007,Compressor,66.83,4.086,25.56,63.53,13483.4,16,32.65,52.55,0.3346,0
MCH-CNC-1008,CNC,54.89,1.305,15.69,69.51,5029.2,6,29.48,50.75,0.0994,0
MCH-CNC-1008,CNC,51.75,2.06,17.48,72.37,5086.3,6,27.26,55.7,0.1259,0
MCH-CNC-1008,CNC,53.92,2.053,17.44,56.11,5137.6,6,29.31,73.18,0.0741,0
MCH-CNC-1008,CNC,58.43,2.186,19.63,55.12,5202.6,6,27.17,52.57,0.2198,0
MCH-CNC-1008,CNC,57.38,2.038,19.32,55.49,5262.0,6,31.54,67.19,0.1161,0
MCH-CNC-1008,CNC,55.4,2.214,16.66,61.59,5331.2,6,29.2,39.05,0.1246,0
MCH-CNC-1008,CNC,51.25,1.872,18.06,54.15,5385.4,6,28.33,55.8,0.0594,0
MCH-CNC-1008,CNC,56.7,1.771,21.43,59.12,5430.7,6,23.31,43.19,0.2355,0
MCH-CNC-1008,CNC,53.77,1.591,19.28,56.68,5505.2,6,30.61,66.23,0.1009,0
MCH-CNC-1008,CNC,62.19,1.483,16.77,57.95,5578.3,6,37.04,76.58,0.2598,0
MCH-CNC-1008,CNC,52.62,18.0,16.76,53.73,5632.3,6,33.97,52.07,0.3425,1
MCH-CNC-1008,CNC,57.32,1.501,18.08,51.23,5699.9,6,26.82,47.96,0.0943,0
MCH-CNC-1008,CNC,55.68,2.066,17.67,62.97,5759.6,6,24.53,63.18,0.0829,0
MCH-CNC-1008,CNC,53.55,1.762,17.64,74.97,5830.1,6,27.75,41.27,0.1271,0
MCH-CNC-1008,CNC,53.58,2.085,17.09,70.25,5885.7,7,25.64,71.77,0.0855,0
MCH-CNC-1008,CNC,54.12,2.42,18.25,78.17,5947.1,7,26.92,58.08,0.2499,0
MCH-CNC-1008,CNC,50.46,1.509,16.81,66.51,5989.4,7,21.56,62.16,0.1343,0
MCH-CNC-1008,CNC,61.04,2.314,18.55,70.87,6036.4,7,30.16,49.48,0.46,0
MCH-CNC-1008,CNC,53.29,1.988,18.26,42.92,6107.7,7,27.12,55.34,0.0,0
MCH-CNC-1008,CNC,59.88,2.056,16.64,45.46,6162.9,7,30.75,44.57,0.2602,0
MCH-CNC-1008,CNC,59.19,1.537,18.83,70.34,6204.3,7,32.08,29.84,0.19,0
MCH-CNC-1008,CNC,51.16,2.157,18.62,38.42,6251.1,7,26.8,64.61,0.0912,0
MCH-CNC-1008,CNC,55.44,1.891,16.41,59.86,6307.5,7,28.21,62.38,0.0276,0
MCH-CNC-1008,CNC,55.26,2.328,17.44,48.45,6376.2,7,29.91,56.52,0.1568,0
MCH-CNC-1008,CNC,51.21,2.537,19.07,57.7,6430.8,7,24.26,67.93,0.2954,0
MCH-CNC-1008,CNC,61.78,1.816,20.58,58.52,6500.6,7,34.32,46.18,0.3455,0
MCH-CNC-1008,CNC,57.41,2.199,19.65,56.1,6574.9,7,28.34,69.98,0.2656,0
MCH-CNC-1008,CNC,56.72,1.934,18.31,60.68,6628.5,7,24.85,51.87,0.0745,0
MCH-CNC-1008,CNC,54.69,2.472,19.51,62.32,6700.6,8,24.95,45.11,0.2801,0
MCH-CNC-1008,CNC,51.97,2.034,18.54,57.51,6745.6,8,23.99,45.58,0.0588,0
MCH-CNC-1008,CNC,52.87,2.398,17.99,55.81,6802.2,8,28.43,63.02,0.1242,0
MCH-CNC-1008,CNC,57.71,1.619,19.76,59.93,6846.1,8,27.81,46.68,0.1902,0
MCH-CNC-1008,CNC,50.0,1.771,18.88,52.31,6888.3,8,21.81,44.09,0.0592,0
MCH-CNC-1008,CNC,53.96,1.961,19.55,69.99,6930.8,8,36.02,35.5,0.1125,0
MCH-CNC-1008,CNC,57.1,1.864,19.29,61.66,6975.0,8,34.32,67.51,0.1483,0
MCH-CNC-1008,CNC,53.76,1.971,17.54,47.95,7048.5,8,33.89,63.94,0.0283,0
MCH-CNC-1008,CNC,58.91,1.811,15.24,68.06,7110.2,8,22.89,52.65,0.1703,0
MCH-CNC-1008,CNC,56.16,2.255,18.87,64.4,7188.1,8,24.84,58.53,0.2792,0
MCH-CNC-1008,CNC,59.69,1.579,17.48,49.45,7249.6,8,25.08,55.16,0.255,0
MCH-CNC-1008,CNC,58.43,2.068,17.31,58.93,7314.8,8,32.88,65.91,0.0672,0
MCH-CNC-1008,CNC,52.96,2.142,18.53,51.6,7362.1,8,31.0,44.31,0.1253,0
MCH-CNC-1008,CNC,56.59,1.66,17.21,55.63,7423.8,8,28.64,52.55,0.1152,0
MCH-CNC-1008,CNC,50.82,2.165,18.43,60.84,7479.2,8,29.08,47.57,0.1014,0
MCH-CNC-1008,CNC,62.62,2.352,17.57,55.81,7556.4,9,16.56,67.82,0.4407,0
MCH-CNC-1008,CNC,53.37,1.57,16.27,63.56,7633.8,9,27.64,63.3,0.1123,0
MCH-CNC-1008,CNC,57.9,2.111,19.24,43.28,7681.7,9,23.06,50.63,0.1483,0
MCH-CNC-1008,CNC,60.64,1.951,17.08,44.36,7746.5,9,31.45,48.4,0.2166,0
MCH-CNC-1008,CNC,52.78,2.632,19.12,51.77,7812.1,9,28.93,64.26,0.3917,0
MCH-CNC-1008,CNC,57.51,2.245,18.89,59.87,7874.6,9,23.3,54.08,0.1803,0
MCH-CNC-1008,CNC,49.37,2.051,17.85,49.63,7919.5,9,26.67,51.26,0.0424,0
MCH-CNC-1008,CNC,55.66,2.311,17.82,45.01,7985.7,9,30.69,47.1,0.1548,0
MCH-CNC-1008,CNC,51.84,2.022,19.6,67.46,8057.7,9,34.34,75.74,0.1939,0
MCH-CNC-1008,CNC,51.42,1.458,18.95,54.46,8111.5,9,26.04,52.4,0.1098,0
MCH-CNC-1008,CNC,50.54,1.622,18.0,69.59,8172.1,9,27.9,45.5,0.0751,0
MCH-CNC-1008,CNC,57.86,1.779,16.28,46.28,8216.7,9,22.24,43.47,0.119,0
MCH-CNC-1008,CNC,51.37,2.056,17.63,77.78,8293.9,9,21.18,56.94,0.0566,0
MCH-CNC-1008,CNC,51.91,2.029,19.15,60.77,8338.3,10,33.54,28.87,0.155,0
MCH-CNC-1008,CNC,59.43,2.274,18.81,69.87,8386.7,10,20.33,64.55,0.3318,0
MCH-CNC-1008,CNC,53.02,2.789,18.29,42.46,8438.6,10,29.53,46.36,0.336,0
MCH-CNC-1008,CNC,56.64,1.821,20.25,67.52,8511.6,10,24.69,53.18,0.231,0
MCH-CNC-1008,CNC,53.91,1.9,18.06,51.47,8579.6,10,19.07,57.87,0.0417,0
MCH-CNC-1008,CNC,52.02,1.469,15.53,63.41,8619.9,10,27.11,51.9,0.0845,0
MCH-CNC-1008,CNC,53.03,2.113,17.92,66.58,8667.3,10,31.86,51.97,0.1342,0
MCH-CNC-1008,CNC,52.73,1.971,16.84,51.56,8737.3,10,28.28,84.16,0.0556,0
MCH-CNC-1008,CNC,54.99,1.606,19.87,67.0,8793.4,10,31.22,71.32,0.156,0
MCH-CNC-1008,CNC,54.09,2.513,18.95,42.25,8834.5,10,29.82,48.02,0.2181,0
MCH-CNC-1008,CNC,56.22,1.478,18.4,61.69,8913.0,10,29.45,61.91,0.0919,0
MCH-CNC-1008,CNC,56.24,2.007,19.72,77.94,8959.1,10,31.66,57.47,0.2624,0
MCH-CNC-1008,CNC,55.77,2.006,21.25,54.01,9019.5,10,32.62,53.49,0.149,0
MCH-CNC-1008,CNC,54.44,1.836,18.87,60.73,9069.4,10,23.91,72.65,0.0469,0
MCH-CNC-1008,CNC,59.76,2.071,17.95,65.63,9138.9,10,25.69,56.56,0.196,0
MCH-CNC-1008,CNC,50.62,2.038,17.34,58.06,9210.0,11,29.46,70.27,0.0649,0
MCH-CNC-1008,CNC,53.99,1.77,16.75,55.24,9265.9,11,27.21,62.03,0.0924,0
MCH-CNC-1008,CNC,51.83,2.388,19.42,52.79,9332.2,11,32.9,58.92,0.266,0
MCH-CNC-1008,CNC,56.07,1.992,18.82,61.5,9408.6,11,26.65,30.69,0.0145,0
MCH-CNC-1008,CNC,53.88,2.233,18.72,57.22,9481.2,11,32.09,57.46,0.1843,0
MCH-CNC-1008,CNC,54.59,2.505,16.93,57.42,9537.8,11,23.05,63.72,0.2113,0
MCH-CNC-1008,CNC,53.59,1.845,18.09,49.99,9595.4,11,19.03,60.49,0.0602,0
MCH-CNC-1008,CNC,57.56,2.468,17.75,70.4,9670.9,11,27.9,74.19,0.3383,0
MCH-CNC-1008,CNC,47.91,1.976,20.56,64.28,9712.3,11,25.94,58.95,0.1106,0
MCH-CNC-1008,CNC,54.74,2.788,17.22,68.02,9753.2,11,31.05,46.6,0.37,0
MCH-CNC-1008,CNC,58.05,2.043,18.51,46.91,9801.4,11,30.62,58.45,0.1544,0
MCH-CNC-1008,CNC,56.08,1.877,17.11,58.06,9874.5,11,26.14,81.17,0.095,0
MCH-CNC-1008,CNC,52.09,2.611,17.35,60.24,9920.7,11,31.59,31.36,0.2401,0
MCH-CNC-1008,CNC,53.28,2.062,18.56,59.38,9972.1,11,27.51,67.78,0.0403,0
MCH-CNC-1008,CNC,55.12,2.044,20.75,61.38,10037.2,12,25.94,32.09,0.1883,0
MCH-CNC-1008,CNC,53.6,1.967,17.17,62.81,10084.6,12,25.73,44.03,0.0914,0
MCH-CNC-1008,CNC,59.11,1.668,18.37,44.76,10136.7,12,22.1,47.93,0.1997,0
MCH-CNC-1008,CNC,52.66,1.755,18.05,60.3,10195.4,12,24.86,78.83,0.026,0
MCH-CNC-1008,CNC,55.34,1.879,18.66,69.88,10244.5,12,34.65,45.85,0.0981,0
MCH-CNC-1008,CNC,56.65,2.292,17.86,58.5,10324.2,12,31.74,66.46,0.1862,0
MCH-CNC-1008,CNC,55.6,1.968,14.31,47.11,10370.8,12,26.42,41.79,0.0906,0
MCH-CNC-1008,CNC,51.07,1.85,17.31,69.64,10444.8,12,25.57,60.43,0.0467,0
MCH-CNC-1008,CNC,57.71,2.255,17.95,46.43,10503.6,12,27.07,54.76,0.2528,0
MCH-CNC-1008,CNC,52.79,2.342,18.02,52.64,10548.7,12,26.17,78.14,0.2052,0
MCH-CNC-1008,CNC,58.15,1.688,16.97,54.55,10593.5,12,28.74,52.91,0.1864,0
MCH-CNC-1008,CNC,53.91,1.762,17.73,68.91,10653.5,12,21.95,59.16,0.1192,0
MCH-CNC-1008,CNC,54.45,1.841,19.39,52.13,10707.6,12,27.91,42.52,0.1086,0
MCH-CNC-1008,CNC,54.54,1.621,17.98,68.92,10757.0,12,35.42,56.12,0.0352,0
MCH-CNC-1008,CNC,56.2,1.885,15.11,73.01,10835.4,13,23.8,71.59,0.1631,0
MCH-CNC-1008,CNC,52.07,2.094,21.2,72.29,10893.9,13,25.95,46.46,0.2432,0
MCH-CNC-1008,CNC,54.5,2.36,19.11,46.46,10971.1,13,29.83,52.85,0.2035,0
MCH-CNC-1008,CNC,55.75,2.36,19.47,54.0,11017.6,13,27.77,49.62,0.3047,0
MCH-CNC-1008,CNC,54.67,2.553,15.43,59.81,11065.0,13,27.78,58.45,0.2435,0
MCH-CNC-1008,CNC,50.72,1.586,20.0,52.14,11128.8,13,26.0,80.26,0.1029,0
MCH-CNC-1008,CNC,56.03,2.319,19.52,49.35,11179.6,13,25.15,58.63,0.2927,0
MCH-CNC-1008,CNC,52.72,1.852,18.63,64.96,11227.0,13,30.72,44.84,0.073,0
MCH-CNC-1008,CNC,55.65,2.379,17.64,59.82,11270.8,13,23.9,77.36,0.1921,0
MCH-CNC-1008,CNC,58.23,2.009,18.13,48.0,11313.8,13,19.4,70.02,0.1114,0
MCH-CNC-1008,CNC,55.62,1.625,16.65,68.5,11384.0,13,34.96,47.54,0.0791,0
MCH-CNC-1008,CNC,55.57,1.964,20.78,56.37,11435.2,13,32.96,59.58,0.1422,0
MCH-CNC-1008,CNC,59.12,2.087,17.86,71.04,11514.4,13,33.0,69.42,0.2927,0
MCH-CNC-1008,CNC,56.62,1.866,18.66,61.7,11561.7,13,27.86,62.32,0.0847,0
MCH-CNC-1008,CNC,57.03,1.92,20.25,66.23,11615.9,13,30.17,60.92,0.1442,0
MCH-CNC-1008,CNC,58.07,1.966,19.49,61.39,11670.9,14,35.67,68.17,0.2337,0
MCH-CNC-1008,CNC,61.99,1.369,18.96,54.43,11730.9,14,35.53,58.03,0.2878,0
MCH-CNC-1008,CNC,54.2,1.786,17.54,57.37,11805.7,14,25.0,58.24,0.0425,0
MCH-CNC-1008,CNC,52.01,1.503,18.47,64.26,11879.1,14,30.92,61.61,0.1383,0
MCH-CNC-1008,CNC,57.99,2.804,22.65,45.94,11919.5,14,19.21,54.91,0.6013,0
MCH-CNC-1008,CNC,54.77,2.211,17.59,54.45,11975.9,14,25.83,52.6,0.182,0
MCH-CNC-1008,CNC,53.54,1.913,18.86,58.41,12049.0,14,32.47,43.97,0.0812,0
MCH-CNC-1008,CNC,55.91,2.121,16.7,70.75,12089.0,14,35.7,47.47,0.2207,0
MCH-CNC-1008,CNC,47.85,2.323,16.71,67.81,12150.3,14,24.15,54.18,0.1752,0
MCH-CNC-1008,CNC,54.36,2.549,17.84,76.88,12200.7,14,26.46,72.9,0.3347,0
MCH-CNC-1008,CNC,54.14,1.839,20.31,61.48,12257.2,14,19.65,39.28,0.0939,0
MCH-CNC-1008,CNC,58.22,2.288,17.71,55.9,12314.0,14,30.87,41.45,0.2267,0
MCH-CNC-1008,CNC,56.96,2.01,18.91,61.4,12369.7,14,29.99,38.99,0.1422,0
MCH-CNC-1008,CNC,59.34,2.234,19.38,59.99,12445.4,14,31.57,55.78,0.2723,0
MCH-CNC-1008,CNC,59.14,1.694,19.06,58.08,12506.8,15,26.21,57.06,0.2178,0
MCH-CNC-1008,CNC,58.64,2.247,17.86,72.15,12583.0,15,28.82,62.57,0.2954,0
MCH-CNC-1008,CNC,61.73,2.45,18.49,50.3,12652.1,15,28.83,68.14,0.4598,0
MCH-CNC-1008,CNC,47.61,2.583,20.5,59.62,12706.1,15,31.95,62.54,0.3151,0
MCH-CNC-1008,CNC,62.18,1.988,19.18,61.06,12765.9,15,24.7,58.65,0.3445,0
MCH-CNC-1008,CNC,62.53,2.632,16.88,51.92,12821.5,15,28.66,54.59,0.5875,0
MCH-CNC-1008,CNC,64.93,2.492,20.39,70.8,12894.6,15,28.22,86.09,0.7183,1
MCH-CNC-1008,CNC,57.81,2.224,22.08,69.6,12942.1,15,25.82,44.63,0.4786,0
MCH-CNC-1008,CNC,61.14,2.976,19.8,67.57,13019.6,15,29.2,47.51,0.6768,0
MCH-CNC-1008,CNC,56.92,2.747,21.19,71.68,13082.8,15,30.67,53.46,0.5424,0
MCH-CNC-1008,CNC,63.57,3.061,22.39,63.05,13147.2,15,29.55,64.29,0.85,1
MCH-CNC-1008,CNC,57.93,2.301,20.21,61.68,13207.9,15,22.26,56.79,0.3281,0
MCH-CNC-1008,CNC,65.28,3.341,21.21,59.06,13270.1,15,30.59,55.11,0.7175,1
MCH-CNC-1008,CNC,59.57,2.644,120.0,71.35,13336.8,16,30.04,76.91,0.6895,1
MCH-CNC-1008,CNC,61.66,2.518,19.99,59.61,13403.0,16,17.76,42.9,0.5112,0
MCH-CNC-1008,CNC,64.11,2.762,21.6,49.87,13451.6,16,29.13,70.33,0.6956,0
MCH-CNC-1008,CNC,58.11,2.797,23.08,67.86,13514.9,16,22.33,83.41,0.6333,0
MCH-CNC-1008,CNC,63.11,2.656,19.76,62.46,13569.1,16,30.54,70.49,0.6269,0
MCH-CNC-1008,CNC,6000.0,3.157,22.24,68.29,13634.5,16,29.1,53.65,0.8562,1
MCH-CNC-1008,CNC,64.14,3.38,24.97,68.1,13696.4,16,27.97,58.07,0.8643,1
MCH-CNC-1008,CNC,67.4,3.238,21.16,74.16,13743.6,16,28.08,43.36,0.8944,1
MCH-CNC-1008,CNC,66.24,3.439,23.19,66.36,13813.0,16,26.11,55.02,0.8033,1
MCH-CNC-1008,CNC,67.4,3.288,21.97,75.5,13871.3,16,25.3,84.75,0.8847,1
MCH-CNC-1008,CNC,62.99,3.299,23.42,65.02,13933.4,16,22.02,42.53,0.7831,1
MCH-CNC-1008,CNC,61.53,2.855,23.23,66.32,14000.3,16,25.22,49.06,0.8117,1
MCH-CNC-1008,CNC,68.66,3.094,21.78,71.17,14066.4,16,26.97,46.54,0.8277,1
MCH-CNC-1008,CNC,68.73,3.405,21.96,60.39,14136.3,16,28.05,60.77,0.8015,1
MCH-CNC-1008,CNC,72.97,3.639,22.73,74.88,14184.6,17,28.19,55.54,0.9344,1
MCH-CNC-1008,CNC,65.78,3.481,24.84,71.74,14229.0,17,26.52,34.53,0.9317,1
MCH-CNC-1008,CNC,75.12,3.612,22.33,72.35,14295.8,17,24.21,51.03,0.9344,1
MCH-CNC-1008,CNC,65.08,2.934,20.97,78.01,14345.2,17,24.05,61.42,0.7887,1
MCH-CNC-1008,CNC,69.79,3.522,23.73,66.8,14389.8,17,32.82,77.52,0.9026,1
MCH-CNC-1008,CNC,63.7,3.527,23.69,74.13,14435.1,17,21.09,34.08,0.8909,1
MCH-CNC-1008,CNC,68.9,3.258,22.19,73.83,14487.6,17,24.71,57.9,0.8769,1
MCH-CNC-1008,CNC,65.77,4.177,24.6,68.33,14567.2,17,25.91,72.58,0.8781,1
MCH-CNC-1008,CNC,74.86,3.621,24.23,74.51,14613.5,17,25.8,53.85,0.943,1
MCH-CNC-1008,CNC,73.04,3.446,25.17,74.06,14665.5,17,27.19,60.39,0.9345,1
MCH-CNC-1008,CNC,70.25,4.051,25.35,67.81,14742.3,17,25.63,52.8,0.9,1
MCH-CNC-1008,CNC,77.26,4.029,24.65,64.7,14820.8,17,30.96,47.66,0.8671,1
MCH-CNC-1008,CNC,75.42,4.096,21.03,71.19,14870.0,17,28.5,50.92,0.9185,1
MCH-CNC-1008,CNC,68.1,3.177,23.48,74.99,14945.2,17,15.1,44.88,0.8787,1
MCH-CNC-1008,CNC,73.22,4.66,24.78,72.17,14990.8,17,31.36,55.26,0.8271,1
MCH-CNC-1008,CNC,77.15,4.26,25.7,72.21,15061.2,18,26.62,66.01,0.8791,1
MCH-CNC-1008,CNC,73.44,4.534,23.85,85.08,15101.8,18,29.89,43.38,0.9399,1
MCH-CNC-1008,CNC,73.26,4.221,24.85,72.83,15158.0,18,31.77,61.22,0.9515,1
MCH-CNC-1008,CNC,72.43,4.338,26.25,68.79,15207.9,18,34.37,64.76,0.8708,1
MCH-CNC-1008,CNC,73.89,4.234,25.4,84.52,15276.1,18,31.94,55.42,0.9632,1
MCH-CNC-1008,CNC,78.94,4.366,26.66,79.52,15316.7,18,29.95,45.65,0.8607,1
MCH-CNC-1008,CNC,76.03,4.183,24.0,80.46,15375.3,18,29.39,38.93,0.9658,1
MCH-CNC-1008,CNC,76.76,4.495,24.75,64.51,15443.2,18,30.08,36.59,0.8608,1
MCH-CNC-1008,CNC,76.76,4.45,26.91,88.42,15485.0,18,21.6,65.52,0.9288,1
MCH-CNC-1008,CNC,82.34,3.92,30.34,72.8,15560.9,18,33.16,68.01,0.9932,1
MCH-CNC-1008,CNC,77.5,4.328,28.02,72.82,15615.4,18,24.72,61.45,0.9345,1
MCH-CNC-1008,CNC,78.01,4.657,26.04,72.57,15662.0,18,34.14,52.55,0.8609,1
MCH-CNC-1008,CNC,78.9,4.807,25.61,80.21,15711.0,18,29.02,33.54,0.9174,1
MCH-CNC-1008,CNC,84.22,4.477,25.63,78.9,15764.6,18,22.3,71.37,1.0325,1
MCH-CNC-1008,CNC,85.13,4.516,27.31,87.51,15812.5,18,26.71,58.27,1.0163,1
MCH-CNC-1008,CNC,79.02,4.431,25.44,82.33,15872.9,19,29.56,67.74,0.9765,1
MCH-CNC-1008,CNC,76.81,4.149,32.09,82.16,15938.2,19,28.55,58.34,0.8575,1
MCH-CNC-1008,CNC,79.14,5.424,28.93,72.13,15995.6,19,23.09,48.81,0.9398,1
MCH-CNC-1008,CNC,88.09,4.891,26.32,78.06,16052.7,19,29.06,39.63,0.8887,1
MCH-CNC-1008,CNC,86.0,5.035,27.07,74.58,16123.9,19,21.36,53.39,0.9501,1
MCH-CNC-1008,CNC,80.1,5.621,29.61,64.76,16176.0,19,20.91,43.19,0.8275,1
MCH-CNC-1008,CNC,85.88,5.573,28.59,77.72,16240.9,19,23.01,59.2,0.9326,1
MCH-CNC-1008,CNC,82.93,5.617,28.55,90.33,16316.6,19,21.65,87.26,0.9294,1
MCH-CNC-1008,CNC,86.17,5.438,28.15,86.53,16365.5,19,31.48,46.44,0.9314,1
MCH-CNC-1008,CNC,84.61,5.189,31.14,85.88,16430.3,19,27.72,62.27,0.9664,1
MCH-CNC-1008,CNC,83.05,5.356,30.88,82.15,16508.2,19,33.83,65.42,0.8977,1
MCH-CNC-1008,CNC,84.9,5.438,28.7,93.09,16569.4,19,23.57,58.79,1.035,1
MCH-CNC-1008,CNC,84.8,5.2,29.41,87.63,16648.4,19,26.0,42.17,0.8972,1
MCH-CNC-1008,CNC,87.36,5.71,30.82,98.86,16700.8,20,32.46,46.31,0.9063,1
MCH-CNC-1008,CNC,84.91,5.318,27.72,79.42,16763.4,20,30.18,54.21,0.95,1
MCH-PUM-1009,Pump,51.89,2.734,12.93,71.19,3817.4,4,33.56,59.73,0.2361,0
MCH-PUM-1009,Pump,46.21,2.922,16.14,67.26,3864.0,4,25.62,53.06,0.226,0
MCH-PUM-1009,Pump,48.92,2.759,14.34,72.03,3933.6,4,29.48,44.63,0.0966,0
MCH-PUM-1009,Pump,48.31,2.425,16.15,78.68,3994.9,4,31.35,56.43,0.147,0
MCH-PUM-1009,Pump,50.66,2.184,15.96,53.76,4039.4,4,29.54,44.51,0.0844,0
MCH-PUM-1009,Pump,52.0,2.909,13.93,70.33,4117.4,4,25.35,57.95,0.2319,0
MCH-PUM-1009,Pump,51.0,2.288,13.67,72.11,4177.1,5,23.63,43.67,0.0768,0
MCH-PUM-1009,Pump,48.68,18.0,15.62,57.3,4246.9,5,27.2,47.57,0.4439,1
MCH-PUM-1009,Pump,52.14,2.544,15.18,60.74,4295.6,5,36.53,32.14,0.1824,0
MCH-PUM-1009,Pump,55.26,2.69,14.41,68.02,4341.1,5,30.28,58.6,0.3059,0
MCH-PUM-1009,Pump,51.8,2.114,14.98,69.62,4410.7,5,33.71,76.17,0.1466,0
MCH-PUM-1009,Pump,46.32,3.209,12.78,67.37,4477.7,5,26.97,49.83,0.1983,0
MCH-PUM-1009,Pump,50.73,2.705,13.02,63.78,4528.6,5,24.92,52.61,0.1029,0
MCH-PUM-1009,Pump,55.53,2.396,11.45,74.77,4598.5,5,29.8,53.43,0.237,0
MCH-PUM-1009,Pump,47.16,3.275,14.06,52.84,4658.7,5,29.31,69.47,0.26,0
MCH-PUM-1009,Pump,47.3,2.104,12.9,75.65,4712.6,5,27.71,34.86,0.0387,0
MCH-PUM-1009,Pump,50.42,2.32,12.78,57.55,4784.1,5,32.35,57.97,0.068,0
MCH-PUM-1009,Pump,50.73,2.631,13.44,63.56,4848.8,5,32.66,71.98,0.0507,0
MCH-PUM-1009,Pump,49.38,2.836,16.26,77.47,4909.1,5,24.82,70.3,0.2631,0
MCH-PUM-1009,Pump,53.13,2.815,12.48,68.85,4980.0,5,32.02,54.76,0.2776,0
MCH-PUM-1009,Pump,45.29,2.773,14.25,58.54,5041.8,6,26.7,56.85,0.0619,0
MCH-PUM-1009,Pump,50.01,1.8,15.62,65.11,5119.3,6,23.6,25.48,0.1328,0
MCH-PUM-1009,Pump,51.67,2.584,15.04,71.03,5192.0,6,28.78,51.95,0.1145,0
MCH-PUM-1009,Pump,51.26,3.059,13.88,75.34,5246.4,6,29.49,59.57,0.208,0
MCH-PUM-1009,Pump,54.96,3.171,13.04,80.35,5305.0,6,27.67,52.27,0.3763,0
MCH-PUM-1009,Pump,50.98,2.067,14.49,56.87,5383.3,6,35.19,61.62,0.0974,0
MCH-PUM-1009,Pump,46.93,3.12,11.84,66.46,5459.1,6,25.47,49.62,0.2309,0
MCH-PUM-1009,Pump,47.26,1.996,13.47,65.81,5506.7,6,32.65,58.54,0.0884,0
MCH-PUM-1009,Pump,45.57,2.327,14.85,67.4,5557.7,6,24.56,66.21,0.1234,0
MCH-PUM-1009,Pump,47.67,2.695,14.01,61.34,5612.3,6,25.77,42.16,0.1098,0
MCH-PUM-1009,Pump,50.17,2.342,15.32,66.71,5687.5,6,31.83,61.19,0.0717,0
MCH-PUM-1009,Pump,45.05,2.129,13.19,59.76,5764.6,6,31.92,66.65,0.0028,0
MCH-PUM-1009,Pump,47.71,3.139,15.91,63.37,5836.6,7,29.89,69.89,0.3309,0
MCH-PUM-1009,Pump,49.59,2.249,11.17,65.49,5887.7,7,25.16,42.1,0.0798,0
MCH-PUM-1009,Pump,45.65,2.822,14.58,62.2,5963.2,7,27.75,40.72,0.0966,0
MCH-PUM-1009,Pump,50.56,2.605,14.6,60.5,6004.5,7,21.92,66.49,0.153,0
MCH-PUM-1009,Pump,48.39,2.664,15.51,72.97,6061.4,7,25.74,37.13,0.0959,0
MCH-PUM-1009,Pump,49.06,3.085,13.13,60.83,6116.5,7,25.53,48.62,0.2028,0
MCH-PUM-1009,Pump,46.16,2.934,13.83,82.35,6177.9,7,23.31,74.08,0.2337,0
MCH-PUM-1009,Pump,48.23,3.057,13.51,62.23,6240.3,7,24.31,44.08,0.1715,0
MCH-PUM-1009,Pump,50.06,1.859,16.75,63.18,6289.3,7,28.26,47.49,0.148,0
MCH-PUM-1009,Pump,48.93,2.499,13.98,70.63,6337.5,7,28.91,63.45,0.0218,0
MCH-PUM-1009,Pump,50.69,2.403,15.2,67.26,6409.7,7,27.37,52.75,0.1258,0
MCH-PUM-1009,Pump,50.09,2.477,13.33,70.35,6452.7,7,31.31,76.41,0.0735,0
MCH-PUM-1009,Pump,52.0,1.736,14.99,54.8,6512.4,7,24.06,58.99,0.1686,0
MCH-PUM-1009,Pump,47.72,2.306,14.88,58.47,6560.1,7,27.78,50.46,0.1257,0
MCH-PUM-1009,Pump,56.34,2.828,15.02,52.15,6612.9,7,32.18,47.67,0.3742,0
MCH-PUM-1009,Pump,47.18,2.648,17.06,65.89,6664.0,7,26.16,52.21,0.1727,0
MCH-PUM-1009,Pump,54.35,2.625,12.74,57.89,6732.3,8,28.06,66.18,0.1552,0
MCH-PUM-1009,Pump,53.34,2.463,12.88,61.73,6790.6,8,34.99,38.34,0.2131,0
MCH-PUM-1009,Pump,52.86,2.587,13.05,71.75,6842.5,8,32.05,58.98,0.2449,0
MCH-PUM-1009,Pump,48.63,2.614,12.43,74.29,6915.8,8,34.8,52.17,0.1532,0
MCH-PUM-1009,Pump,53.56,3.282,15.87,52.85,6959.2,8,26.74,61.01,0.4455,0
MCH-PUM-1009,Pump,55.35,3.152,13.02,63.86,7029.9,8,25.0,52.66,0.4084,0
MCH-PUM-1009,Pump,52.86,2.145,10.86,53.77,7079.8,8,23.89,47.13,0.1659,0
MCH-PUM-1009,Pump,51.46,2.068,12.55,58.49,7156.5,8,23.54,48.35,0.0458,0
MCH-PUM-1009,Pump,52.07,2.104,13.57,61.18,7196.8,8,31.24,53.15,0.0989,0
MCH-PUM-1009,Pump,46.54,2.48,13.31,56.42,7259.0,8,27.73,75.8,0.0,0
MCH-PUM-1009,Pump,49.62,1.975,12.25,59.49,7323.9,8,26.2,50.13,0.0205,0
MCH-PUM-1009,Pump,45.06,2.25,14.6,55.49,7387.0,8,26.58,58.51,0.1162,0
MCH-PUM-1009,Pump,51.02,1.892,15.07,67.56,7459.6,8,28.22,68.5,0.1688,0
MCH-PUM-1009,Pump,48.15,3.049,16.21,60.15,7504.1,9,27.55,67.54,0.2924,0
MCH-PUM-1009,Pump,51.78,2.812,13.33,67.93,7560.7,9,27.98,40.4,0.0765,0
MCH-PUM-1009,Pump,48.04,2.871,15.15,70.25,7635.3,9,29.76,59.95,0.1889,0
MCH-PUM-1009,Pump,51.22,2.69,12.31,59.47,7710.8,9,23.88,68.29,0.1303,0
MCH-PUM-1009,Pump,43.49,3.126,14.1,72.09,7770.8,9,30.03,72.28,0.2488,0
MCH-PUM-1009,Pump,45.91,2.458,14.62,63.49,7833.1,9,30.63,54.21,0.0629,0
MCH-PUM-1009,Pump,46.74,2.343,14.25,51.28,7903.6,9,24.88,31.04,0.0485,0
MCH-PUM-1009,Pump,53.59,2.026,14.84,84.94,7974.8,9,33.81,56.6,0.266,0
MCH-PUM-1009,Pump,45.89,1.871,120.0,67.79,8050.3,9,32.38,48.17,0.2121,1
MCH-PUM-1009,Pump,50.48,2.447,13.91,59.02,8124.1,9,29.12,57.34,0.0415,0
MCH-PUM-1009,Pump,52.0,2.911,14.81,57.7,8180.7,9,28.4,44.06,0.2162,0
MCH-PUM-1009,Pump,47.28,3.011,14.94,73.07,8246.7,9,32.21,51.75,0.3382,0
MCH-PUM-1009,Pump,55.23,2.434,12.37,72.05,8306.0,9,28.58,73.07,0.2178,0
MCH-PUM-1009,Pump,49.94,3.11,12.15,60.9,8350.7,10,24.45,28.66,0.1119,0
MCH-PUM-1009,Pump,48.33,2.862,14.47,69.25,8423.6,10,26.18,45.83,0.2445,0
MCH-PUM-1009,Pump,52.76,2.48,13.16,56.61,8487.6,10,28.82,48.35,0.0838,0
MCH-PUM-1009,Pump,49.28,2.322,14.35,68.88,8530.0,10,35.86,64.1,0.1246,0
MCH-PUM-1009,Pump,47.54,1.86,13.98,71.01,8597.0,10,30.8,69.54,0.0466,0
MCH-PUM-1009,Pump,53.76,2.634,12.15,70.06,8648.4,10,28.68,59.57,0.2363,0
MCH-PUM-1009,Pump,51.29,1.911,13.83,53.68,8691.1,10,30.6,71.78,0.0844,0
MCH-PUM-1009,Pump,47.99,2.147,13.46,67.89,8755.4,10,26.23,62.83,0.0888,0
MCH-PUM-1009,Pump,53.31,2.053,15.66,75.26,8824.7,10,34.21,53.11,0.2635,0
MCH-PUM-1009,Pump,47.05,2.059,14.01,70.93,8885.4,10,33.23,49.17,0.0466,0
MCH-PUM-1009,Pump,49.69,2.246,14.88,67.54,8925.6,10,28.57,59.3,0.0965,0
MCH-PUM-1009,Pump,6000.0,2.165,15.08,66.79,8988.7,10,26.26,57.81,0.3542,1
MCH-PUM-1009,Pump,46.86,3.03,14.03,61.46,9028.9,10,25.85,42.98,0.1059,0
MCH-PUM-1009,Pump,52.03,3.292,12.06,58.35,9106.0,10,31.01,54.45,0.3029,0
MCH-PUM-1009,Pump,49.69,2.268,13.73,48.33,9156.7,10,23.43,66.38,0.1531,0
MCH-PUM-1009,Pump,54.22,2.676,11.29,60.55,9231.5,11,33.3,74.48,0.1647,0
MCH-PUM-1009,Pump,49.29,1.977,13.95,65.1,9272.0,11,34.26,57.73,0.0597,0
MCH-PUM-1009,Pump,50.22,2.66,14.75,59.93,9315.9,11,23.77,71.45,0.1175,0
MCH-PUM-1009,Pump,54.91,1.736,13.3,71.8,9374.0,11,28.0,39.2,0.2914,0
MCH-PUM-1009,Pump,50.2,2.414,13.25,64.76,9444.3,11,25.67,84.21,0.0111,0
MCH-PUM-1009,Pump,48.88,2.283,16.13,53.53,9522.0,11,29.44,52.13,0.1356,0
MCH-PUM-1009,Pump,47.54,2.627,12.96,66.82,9582.8,11,34.92,57.05,0.1241,0
MCH-PUM-1009,Pump,47.46,2.386,13.58,66.06,9637.1,11,29.25,75.77,0.0463,0
MCH-PUM-1009,Pump,46.54,2.962,15.52,66.63,9678.9,11,27.01,62.47,0.2135,0
MCH-PUM-1009,Pump,43.83,2.725,15.07,75.09,9742.2,11,25.08,57.71,0.1941,0
MCH-PUM-1009,Pump,50.26,2.546,14.04,66.48,9797.4,11,30.96,69.64,0.0674,0
MCH-PUM-1009,Pump,49.48,2.331,13.32,53.69,9873.8,11,28.1,60.75,0.0255,0
MCH-PUM-1009,Pump,49.97,2.667,15.69,62.06,9933.0,11,23.31,53.91,0.1944,0
MCH-PUM-1009,Pump,46.52,2.76,15.39,48.44,10003.6,12,29.64,62.24,0.1947,0
MCH-PUM-1009,Pump,48.06,2.264,13.61,62.89,10077.5,12,26.04,50.87,0.0573,0
MCH-PUM-1009,Pump,46.36,1.8,15.45,63.66,10121.4,12,26.45,53.67,0.1131,0
MCH-PUM-1009,Pump,48.43,2.702,12.85,62.89,10179.1,12,19.14,69.07,0.1391,0
MCH-PUM-1009,Pump,52.01,2.691,14.66,64.95,10254.8,12,29.55,43.46,0.2379,0
MCH-PUM-1009,Pump,49.7,2.228,15.71,67.63,10311.8,12,25.13,51.74,0.1131,0
MCH-PUM-1009,Pump,49.8,2.609,14.08,55.27,10374.4,12,19.4,50.52,0.1035,0
MCH-PUM-1009,Pump,48.91,2.995,13.94,74.5,10449.3,12,32.61,67.62,0.1887,0
MCH-PUM-1009,Pump,50.05,2.989,14.33,68.88,10498.6,12,22.45,78.03,0.1327,0
MCH-PUM-1009,Pump,44.02,2.36,11.06,57.4,10574.4,12,38.23,50.44,0.1356,0
MCH-PUM-1009,Pump,50.08,2.141,15.04,58.77,10630.3,12,29.08,41.24,0.0753,0
MCH-PUM-1009,Pump,51.51,2.442,13.65,61.12,10694.0,12,24.96,45.54,0.0945,0
MCH-PUM-1009,Pump,48.34,1.648,12.6,71.49,10747.1,12,26.99,53.39,0.0195,0
MCH-PUM-1009,Pump,47.67,2.753,13.2,69.03,10808.2,12,26.44,52.1,0.0778,0
MCH-PUM-1009,Pump,52.24,2.434,13.43,76.19,10850.2,13,30.36,50.31,0.1383,0
MCH-PUM-1009,Pump,53.07,2.546,13.8,65.8,10892.8,13,29.35,54.32,0.1796,0
MCH-PUM-1009,Pump,53.78,2.713,15.65,65.06,10949.4,13,30.76,67.05,0.2828,0
MCH-PUM-1009,Pump,52.75,2.752,16.35,61.22,11002.8,13,27.38,52.43,0.2865,0
MCH-PUM-1009,Pump,44.03,3.05,12.77,66.19,11067.4,13,22.31,62.45,0.1746,0
MCH-PUM-1009,Pump,46.59,2.578,13.16,60.98,11108.9,13,28.69,64.6,0.1147,0
MCH-PUM-1009,Pump,47.03,2.509,14.65,75.24,11155.7,13,23.71,51.18,0.154,0
MCH-PUM-1009,Pump,55.92,2.103,13.11,67.67,11204.0,13,25.69,45.89,0.2167,0
MCH-PUM-1009,Pump,54.65,1.976,15.8,60.98,11261.7,13,29.38,74.09,0.3055,0
MCH-PUM-1009,Pump,49.11,2.787,13.79,68.65,11311.5,13,27.18,65.33,0.1342,0
MCH-PUM-1009,Pump,46.96,1.936,13.93,54.29,11357.0,13,25.23,41.71,0.0262,0
MCH-PUM-1009,Pump,47.03,1.985,14.3,76.81,11420.9,13,27.54,54.54,0.1076,0
MCH-PUM-1009,Pump,52.63,2.67,13.3,68.19,11490.7,13,22.56,47.52,0.2111,0
MCH-PUM-1009,Pump,54.35,2.724,11.85,56.85,11558.1,13,25.28,52.94,0.2036,0
MCH-PUM-1009,Pump,50.15,3.304,14.81,67.14,11609.2,13,23.93,35.33,0.3394,0
MCH-PUM-1009,Pump,46.3,2.676,14.96,59.16,11683.3,14,28.59,72.63,0.2446,0
MCH-PUM-1009,Pump,54.09,2.625,15.55,75.68,11747.8,14,19.97,72.78,0.3407,0
MCH-PUM-1009,Pump,50.62,18.0,15.22,58.75,11812.4,14,26.86,61.3,0.4598,1
MCH-PUM-1009,Pump,53.81,2.662,15.83,74.23,11860.9,14,31.99,60.13,0.3407,0
MCH-PUM-1009,Pump,55.72,3.911,16.63,66.52,11910.6,14,24.35,51.87,0.7029,0
MCH-PUM-1009,Pump,55.09,2.609,16.76,57.72,11969.6,14,21.47,53.38,0.2894,0
MCH-PUM-1009,Pump,50.23,2.683,14.59,67.82,12019.1,14,25.52,48.53,0.2088,0
MCH-PUM-1009,Pump,57.49,3.574,15.84,69.63,12086.6,14,27.27,60.77,0.7259,1
MCH-PUM-1009,Pump,58.87,2.279,15.55,70.74,12139.0,14,27.89,43.73,0.3889,0
MCH-PUM-1009,Pump,57.75,2.781,13.89,74.66,12185.0,14,29.84,53.61,0.4152,0
MCH-PUM-1009,Pump,55.44,3.618,14.23,58.02,12231.1,14,25.49,54.68,0.5167,0
MCH-PUM-1009,Pump,58.15,3.616,16.67,73.2,12276.2,14,29.09,55.11,0.7852,1
MCH-PUM-1009,Pump,53.58,2.689,16.32,71.21,12333.8,14,22.2,55.87,0.3437,0
MCH-PUM-1009,Pump,53.9,3.028,15.32,74.14,12373.9,14,27.33,64.78,0.431,0
MCH-PUM-1009,Pump,56.34,4.076,14.89,79.19,12435.6,14,34.62,64.19,0.6684,0
MCH-PUM-1009,Pump,62.28,3.246,16.15,67.78,12487.5,14,25.72,43.64,0.6246,0
MCH-PUM-1009,Pump,56.12,3.412,15.43,150.0,12549.6,15,23.38,40.83,0.7021,1
MCH-PUM-1009,Pump,60.21,3.676,17.18,68.76,12627.0,15,31.16,48.24,0.8032,1
MCH-PUM-1009,Pump,63.04,3.184,16.67,67.6,12701.8,15,22.13,49.37,0.5436,0
MCH-PUM-1009,Pump,56.64,4.1,17.15,86.52,12764.9,15,25.27,53.27,0.8252,1
MCH-PUM-1009,Pump,58.16,4.153,18.4,79.23,12821.6,15,22.74,62.86,0.9673,1
MCH-PUM-1009,Pump,56.65,3.762,18.27,72.71,12889.5,15,30.87,65.48,0.8357,1
MCH-PUM-1009,Pump,57.54,4.316,20.43,70.08,12966.4,15,21.33,38.4,0.7808,1
MCH-PUM-1009,Pump,67.6,3.771,17.59,68.15,13026.0,15,22.71,65.49,0.844,1
MCH-PUM-1009,Pump,68.3,4.064,19.5,71.56,13070.0,15,23.64,44.52,0.8842,1
MCH-PUM-1009,Pump,65.18,3.707,19.81,74.51,13140.6,15,26.83,40.96,0.801,1
MCH-PUM-1009,Pump,62.23,4.271,17.97,78.17,13181.1,15,34.56,58.27,0.8728,1
MCH-PUM-1009,Pump,65.05,4.718,19.45,79.07,13251.7,15,27.85,45.71,0.9093,1
MCH-PUM-1009,Pump,180.0,3.604,20.06,77.38,13295.0,15,31.67,48.82,0.9312,1
MCH-PUM-1009,Pump,65.36,3.939,17.86,88.35,13339.3,16,24.83,43.08,0.9091,1
MCH-PUM-1009,Pump,68.43,3.237,20.9,68.7,13410.6,16,29.06,46.89,0.7787,1
MCH-PUM-1009,Pump,65.48,3.87,19.31,76.02,13478.2,16,28.71,60.27,0.8542,1
MCH-PUM-1009,Pump,61.42,4.065,20.56,71.01,13540.6,16,30.69,55.38,0.7275,1
MCH-PUM-1009,Pump,69.58,3.555,19.19,84.63,13613.5,16,35.32,82.43,0.9433,1
MCH-PUM-1009,Pump,67.82,4.626,21.7,78.5,13687.5,16,31.7,60.52,0.9261,1
MCH-PUM-1009,Pump,64.13,4.216,19.71,68.29,13745.8,16,21.39,49.92,0.8732,1
MCH-PUM-1009,Pump,67.65,4.618,20.73,75.12,13825.7,16,24.34,65.52,0.9103,1
MCH-PUM-1009,Pump,66.48,4.37,19.79,73.51,13880.0,16,25.75,51.55,0.8768,1
MCH-PUM-1009,Pump,69.44,5.112,22.29,91.22,13926.8,16,30.24,61.52,0.9276,1
MCH-PUM-1009,Pump,71.14,4.279,19.24,88.52,14000.7,16,23.0,60.27,0.9231,1
MCH-PUM-1009,Pump,72.49,5.095,21.8,86.86,14057.3,16,28.03,81.81,0.9258,1
MCH-PUM-1009,Pump,66.85,4.667,21.15,76.69,14132.3,16,21.37,59.64,0.8717,1
MCH-PUM-1009,Pump,62.42,4.55,20.59,72.72,14174.7,17,15.59,44.79,0.7939,1
MCH-PUM-1009,Pump,68.54,4.891,23.34,82.67,14219.2,17,32.11,68.31,0.883,1
MCH-PUM-1009,Pump,72.21,5.183,21.31,73.83,14260.8,17,30.12,37.22,0.8707,1
MCH-PUM-1009,Pump,69.33,5.014,22.26,86.89,14324.9,17,24.31,43.29,0.8405,1
MCH-PUM-1009,Pump,69.38,4.641,19.94,82.01,14398.1,17,34.17,42.65,0.8465,1
MCH-PUM-1009,Pump,72.04,4.224,21.26,73.58,14454.2,17,26.73,60.03,0.8609,1
MCH-PUM-1009,Pump,68.37,4.785,21.42,71.71,14497.9,17,28.38,55.02,0.8585,1
MCH-PUM-1009,Pump,73.17,4.546,22.68,89.78,14552.8,17,29.85,57.13,0.9242,1
MCH-PUM-1009,Pump,73.76,5.302,23.39,80.5,14606.7,17,28.87,39.2,0.8119,1
MCH-PUM-1009,Pump,76.12,5.462,23.11,91.85,14672.5,17,30.03,52.2,0.9985,1
MCH-PUM-1009,Pump,78.76,5.482,25.32,96.97,14738.5,17,22.85,39.59,0.8741,1
MCH-PUM-1009,Pump,77.64,5.485,23.45,73.53,14782.7,17,27.64,57.22,0.8409,1
MCH-PUM-1009,Pump,76.15,5.536,23.35,90.69,14839.5,17,30.53,40.76,0.8878,1
MCH-PUM-1009,Pump,79.45,5.506,24.0,94.33,14905.2,17,21.47,69.89,0.9924,1
MCH-PUM-1009,Pump,79.51,5.416,22.34,79.55,14955.5,17,32.09,52.48,0.9287,1
MCH-PUM-1009,Pump,74.78,5.674,26.1,68.35,15011.8,18,39.2,57.44,0.8589,1
MCH-PUM-1009,Pump,75.8,5.464,24.4,76.3,15076.4,18,24.78,69.21,0.8727,1
MCH-PUM-1009,Pump,78.88,5.366,23.18,97.75,15132.5,18,24.18,41.44,0.9401,1
MCH-PUM-1009,Pump,75.69,5.565,24.69,85.89,15173.7,18,27.5,46.57,0.8827,1
MCH-PUM-1009,Pump,78.11,5.413,26.44,83.71,15222.6,18,32.37,69.72,0.9567,1
MCH-PUM-1009,Pump,80.96,5.659,24.76,83.15,15293.7,18,19.33,63.63,0.9028,1
MCH-PUM-1009,Pump,81.81,5.662,25.8,75.52,15343.6,18,23.32,25.29,0.9046,1
MCH-PUM-1009,Pump,84.58,5.448,24.08,87.81,15416.3,18,26.3,37.8,0.9534,1
MCH-PUM-1009,Pump,80.11,5.372,24.53,84.57,15475.0,18,27.3,70.63,0.9123,1
MCH-PUM-1009,Pump,86.23,5.681,26.01,93.24,15533.9,18,32.78,70.74,0.873,1
MCH-PUM-1009,Pump,81.09,4.911,25.43,94.03,15604.7,18,31.59,53.96,0.9337,1
MCH-PUM-1009,Pump,80.4,5.665,25.27,78.84,15660.1,18,30.49,58.46,0.8509,1
MCH-MOT-1010,Motor,54.53,1.369,24.58,72.5,1819.0,2,28.32,57.76,0.0945,0
MCH-MOT-1010,Motor,55.52,1.954,21.63,62.8,1887.4,2,30.3,49.89,0.0603,0
MCH-MOT-1010,Motor,59.5,2.067,22.44,64.7,1943.6,2,29.29,59.26,0.1015,0
MCH-MOT-1010,Motor,64.14,1.615,23.34,59.65,2014.1,2,27.52,51.7,0.0876,0
MCH-MOT-1010,Motor,59.37,1.982,18.48,67.89,2067.7,2,24.61,84.71,0.14,0
MCH-MOT-1010,Motor,60.29,1.838,18.82,66.84,2128.6,2,29.62,56.03,0.015,0
MCH-MOT-1010,Motor,57.73,2.106,23.18,77.31,2205.5,2,24.06,70.37,0.2981,0
MCH-MOT-1010,Motor,66.37,1.801,17.91,75.1,2253.5,2,26.23,50.49,0.1866,0
MCH-MOT-1010,Motor,66.49,1.644,25.15,67.41,2306.0,2,24.29,70.83,0.2664,0
MCH-MOT-1010,Motor,59.75,1.416,21.08,72.57,2381.4,2,22.8,48.53,0.0242,0
MCH-MOT-1010,Motor,6000.0,2.244,21.4,65.86,2439.9,2,38.99,49.8,0.4974,1
MCH-MOT-1010,Motor,58.89,1.823,23.84,72.42,2492.6,2,32.31,67.53,0.1414,0
MCH-MOT-1010,Motor,61.51,2.133,19.78,84.99,2534.1,3,25.95,50.79,0.2973,0
MCH-MOT-1010,Motor,55.27,2.092,26.54,66.6,2590.9,3,29.39,57.64,0.1747,0
MCH-MOT-1010,Motor,68.87,2.256,21.52,73.17,2650.9,3,30.51,54.76,0.4466,0
MCH-MOT-1010,Motor,56.8,2.144,24.5,68.75,2707.2,3,29.04,69.37,0.2366,0
MCH-MOT-1010,Motor,58.21,2.405,22.6,63.22,2758.3,3,28.47,67.26,0.2636,0
MCH-MOT-1010,Motor,60.71,1.688,18.72,70.49,2813.0,3,27.45,54.71,0.0976,0
MCH-MOT-1010,Motor,55.91,1.364,20.62,75.16,2878.7,3,28.93,54.17,0.1112,0
MCH-MOT-1010,Motor,58.5,2.021,23.01,67.14,2954.4,3,17.55,46.9,0.1569,0
MCH-MOT-1010,Motor,56.37,1.676,23.63,69.78,3020.4,3,31.96,36.9,0.0422,0
MCH-MOT-1010,Motor,52.24,1.672,19.91,77.69,3086.2,3,29.64,67.18,0.0167,0
MCH-MOT-1010,Motor,55.92,1.485,22.53,80.86,3158.9,3,29.65,50.5,0.1198,0
MCH-MOT-1010,Motor,59.87,2.408,24.47,71.56,3205.5,3,28.44,58.59,0.3729,0
MCH-MOT-1010,Motor,58.35,1.547,24.06,70.13,3257.5,3,31.79,74.75,0.0064,0
MCH-MOT-1010,Motor,61.43,2.76,22.41,63.46,3299.6,3,26.88,73.62,0.4496,0
MCH-MOT-1010,Motor,56.99,2.132,21.46,69.34,3353.5,4,32.29,46.4,0.1377,0
MCH-MOT-1010,Motor,54.44,1.975,22.52,65.84,3433.5,4,23.36,51.75,0.0196,0
MCH-MOT-1010,Motor,56.66,1.601,19.62,67.8,3486.7,4,29.35,80.38,0.0485,0
MCH-MOT-1010,Motor,59.79,2.059,23.39,66.53,3561.1,4,37.21,54.71,0.2068,0
MCH-MOT-1010,Motor,62.21,1.904,25.05,66.46,3604.5,4,31.13,56.97,0.1797,0
MCH-MOT-1010,Motor,59.14,1.695,23.46,72.15,3662.9,4,24.72,71.15,0.0304,0
MCH-MOT-1010,Motor,59.7,1.66,22.73,73.96,3716.9,4,21.62,59.51,0.1255,0
MCH-MOT-1010,Motor,50.59,1.859,23.39,73.49,3765.0,4,31.21,51.07,0.0732,0
MCH-MOT-1010,Motor,52.8,2.128,23.41,77.01,3819.9,4,25.1,64.65,0.2656,0
MCH-MOT-1010,Motor,56.52,1.838,23.33,80.07,3886.0,4,27.04,44.61,0.0588,0
MCH-MOT-1010,Motor,57.25,2.466,23.51,76.68,3945.6,4,27.04,54.98,0.3594,0
MCH-MOT-1010,Motor,57.98,1.713,20.65,67.32,4019.3,4,28.2,45.14,0.0301,0
MCH-MOT-1010,Motor,61.14,1.746,20.35,70.63,4095.5,4,25.98,55.56,0.0797,0
MCH-MOT-1010,Motor,54.99,2.452,21.85,72.47,4154.8,4,24.99,68.71,0.3419,0
MCH-MOT-1010,Motor,58.42,1.627,21.46,72.51,4234.1,5,28.69,54.52,0.0,0
MCH-MOT-1010,Motor,56.92,1.662,22.92,73.97,4277.0,5,31.19,54.98,0.0904,0
MCH-MOT-1010,Motor,59.33,1.277,21.57,67.75,4328.0,5,23.84,48.19,0.0,0
MCH-MOT-1010,Motor,55.47,1.587,25.1,60.38,4384.7,5,27.27,41.0,0.0429,0
MCH-MOT-1010,Motor,59.21,1.504,23.15,78.11,4448.0,5,31.37,67.3,0.0834,0
MCH-MOT-1010,Motor,59.03,1.94,23.74,80.52,4509.8,5,32.28,65.76,0.2066,0
MCH-MOT-1010,Motor,60.39,1.713,22.35,64.51,4572.5,5,28.27,34.28,0.1022,0
MCH-MOT-1010,Motor,59.54,2.085,24.22,64.22,4648.4,5,36.3,56.78,0.2792,0
MCH-MOT-1010,Motor,53.53,1.614,24.1,71.02,4699.5,5,28.43,57.73,0.0665,0
MCH-MOT-1010,Motor,59.61,2.222,24.17,69.25,4772.2,5,34.25,39.89,0.2618,0
MCH-MOT-1010,Motor,67.45,1.973,21.42,69.67,4834.5,5,24.77,58.32,0.2957,0
MCH-MOT-1010,Motor,60.08,1.452,22.53,66.82,4894.1,5,24.06,70.2,0.0722,0
MCH-MOT-1010,Motor,67.77,1.995,21.47,69.58,4946.1,5,29.62,49.96,0.2695,0
MCH-MOT-1010,Motor,51.86,1.711,23.6,64.93,4998.3,5,27.04,62.12,0.0672,0
MCH-MOT-1010,Motor,54.82,1.39,20.11,60.77,5053.8,6,22.13,43.33,0.0133,0
MCH-MOT-1010,Motor,58.75,1.809,20.09,73.8,5124.3,6,35.5,44.35,0.0529,0
MCH-MOT-1010,Motor,61.46,1.805,22.8,72.34,5183.4,6,35.43,61.24,0.0968,0
MCH-MOT-1010,Motor,58.31,2.052,20.09,70.65,5229.6,6,39.53,24.95,0.1412,0
MCH-MOT-1010,Motor,61.09,1.732,21.59,70.55,5300.0,6,26.99,57.66,0.0323,0
MCH-MOT-1010,Motor,68.09,1.724,23.14,65.99,5366.5,6,31.73,63.8,0.2067,0
MCH-MOT-1010,Motor,55.89,1.574,25.37,65.42,5444.5,6,30.56,43.66,0.1498,0
MCH-MOT-1010,Motor,57.25,1.511,20.58,66.68,5505.6,6,29.62,55.83,0.0444,0
MCH-MOT-1010,Motor,59.89,1.457,23.29,74.96,5571.8,6,27.9,58.26,0.1583,0
MCH-MOT-1010,Motor,59.37,1.517,23.16,63.2,5631.0,6,27.16,47.81,0.0654,0
MCH-MOT-1010,Motor,59.0,2.07,24.21,75.56,5698.2,6,29.35,51.91,0.1985,0
MCH-MOT-1010,Motor,61.47,1.116,18.15,69.03,5755.7,6,29.06,49.59,0.032,0
MCH-MOT-1010,Motor,59.47,1.939,21.5,78.32,5801.2,6,34.26,61.15,0.14,0
MCH-MOT-1010,Motor,57.8,1.366,21.92,63.7,5880.6,7,26.68,58.13,0.0444,0
MCH-MOT-1010,Motor,54.95,1.648,21.89,67.04,5949.5,7,26.92,46.53,0.011,0
MCH-MOT-1010,Motor,57.86,1.736,21.38,70.67,6013.8,7,29.68,63.18,0.0,0
MCH-MOT-1010,Motor,53.7,2.181,22.77,64.27,6073.1,7,29.11,67.82,0.1661,0
MCH-MOT-1010,Motor,61.0,2.118,19.58,69.78,6141.5,7,26.66,59.11,0.168,0
MCH-MOT-1010,Motor,61.0,1.519,19.47,79.87,6186.6,7,30.06,60.38,0.1376,0
MCH-MOT-1010,Motor,61.07,1.504,22.77,62.95,6239.6,7,26.56,47.29,0.0079,0
MCH-MOT-1010,Motor,58.61,1.53,21.58,70.01,6284.6,7,35.07,58.66,0.0524,0
MCH-MOT-1010,Motor,61.98,2.062,22.91,71.69,6329.7,7,30.84,25.88,0.2169,0
MCH-MOT-1010,Motor,66.36,1.865,19.17,77.26,6370.5,7,25.22,61.41,0.2211,0
MCH-MOT-1010,Motor,68.91,1.367,22.14,57.27,6440.7,7,27.84,49.9,0.2107,0
MCH-MOT-1010,Motor,58.3,2.142,19.95,68.31,6489.8,7,26.95,60.95,0.1258,0
MCH-MOT-1010,Motor,62.89,1.88,23.32,64.61,6563.1,7,29.56,74.3,0.1761,0
MCH-MOT-1010,Motor,61.96,2.003,24.92,74.36,6639.3,7,28.4,60.16,0.2967,0
MCH-MOT-1010,Motor,58.45,1.399,24.97,72.7,6686.0,8,24.34,58.26,0.1673,0
MCH-MOT-1010,Motor,63.97,1.522,15.73,72.37,6754.4,8,24.45,62.47,0.0886,0
MCH-MOT-1010,Motor,64.45,2.323,24.47,80.5,6812.8,8,33.52,72.59,0.4655,0
MCH-MOT-1010,Motor,54.84,2.545,22.13,77.37,6889.6,8,25.8,66.57,0.2687,0
MCH-MOT-1010,Motor,58.36,1.77,22.93,76.43,6948.9,8,23.62,62.92,0.0936,0
MCH-MOT-1010,Motor,69.38,2.012,21.08,62.37,7004.1,8,35.32,63.85,0.3706,0
MCH-MOT-1010,Motor,53.52,1.521,23.26,72.12,7055.9,8,20.21,62.59,0.1371,0
MCH-MOT-1010,Motor,65.42,1.863,21.07,75.94,7132.0,8,29.41,70.9,0.1491,0
MCH-MOT-1010,Motor,60.56,1.714,22.53,80.19,7181.1,8,25.99,62.78,0.0697,0
MCH-MOT-1010,Motor,51.73,1.862,22.74,69.34,7254.2,8,22.02,58.65,0.0763,0
MCH-MOT-1010,Motor,56.44,1.394,21.5,73.92,7301.9,8,29.67,44.43,0.0,0
MCH-MOT-1010,Motor,63.84,1.48,22.24,78.24,7367.7,8,22.9,68.87,0.1822,0
MCH-MOT-1010,Motor,59.7,1.761,24.29,69.29,7425.7,8,18.59,53.81,0.112,0
MCH-MOT-1010,Motor,63.84,1.632,21.79,76.47,7469.9,8,27.76,36.66,0.1004,0
MCH-MOT-1010,Motor,60.32,2.256,19.65,70.08,7514.9,9,30.04,53.95,0.2169,0
MCH-MOT-1010,Motor,51.92,2.418,23.05,78.01,7566.2,9,31.71,62.16,0.2972,0
MCH-MOT-1010,Motor,63.72,2.422,22.83,82.62,7636.9,9,22.0,35.72,0.4958,0
MCH-MOT-1010,Motor,58.78,2.638,25.45,80.94,7706.0,9,31.54,43.94,0.5134,0
MCH-MOT-1010,Motor,68.33,1.607,26.05,75.63,7754.2,9,27.69,60.3,0.3381,0
MCH-MOT-1010,Motor,61.83,2.517,25.77,72.75,7813.3,9,25.6,70.67,0.4159,0
MCH-MOT-1010,Motor,64.71,2.343,21.44,77.86,7857.2,9,27.89,48.45,0.4018,0
MCH-MOT-1010,Motor,58.89,2.414,19.25,73.93,7925.8,9,28.18,48.52,0.3363,0
MCH-MOT-1010,Motor,6000.0,2.161,25.43,75.78,7997.5,9,29.81,58.5,0.5436,1
MCH-MOT-1010,Motor,62.61,2.292,23.08,79.29,8073.3,9,28.37,59.51,0.3413,0
MCH-MOT-1010,Motor,67.88,2.075,21.46,82.7,8148.7,9,30.79,66.73,0.3702,0
MCH-MOT-1010,Motor,180.0,2.198,25.21,79.82,8202.2,9,27.73,79.87,0.6753,1
MCH-MOT-1010,Motor,57.81,1.807,22.93,71.84,8252.4,9,30.73,54.66,0.0,0
MCH-MOT-1010,Motor,65.17,2.35,22.72,81.97,8328.3,9,21.87,58.62,0.4967,0
MCH-MOT-1010,Motor,68.41,2.372,24.0,72.03,8374.1,10,33.57,55.03,0.5051,0
MCH-MOT-1010,Motor,66.67,2.417,120.0,77.22,8416.5,10,25.65,56.75,0.6164,1
MCH-MOT-1010,Motor,67.17,2.547,25.01,74.61,8469.1,10,34.28,60.07,0.5899,0
MCH-MOT-1010,Motor,66.36,2.762,22.86,82.64,8539.5,10,25.18,60.47,0.6241,0
MCH-MOT-1010,Motor,68.27,2.436,22.84,72.81,8607.2,10,34.17,60.61,0.4907,0
MCH-MOT-1010,Motor,71.13,2.271,26.02,77.96,8686.7,10,30.47,77.24,0.6803,0
MCH-MOT-1010,Motor,69.49,2.949,23.36,70.37,8741.1,10,26.85,58.9,0.6765,0
MCH-MOT-1010,Motor,180.0,2.18,27.34,78.13,8792.1,10,35.65,63.03,0.6261,1
MCH-MOT-1010,Motor,68.59,2.626,27.23,69.68,8847.3,10,36.08,70.3,0.7383,1
MCH-MOT-1010,Motor,75.12,2.432,25.38,67.79,8918.5,10,35.39,35.23,0.6443,0
MCH-MOT-1010,Motor,65.68,3.096,26.99,76.38,8967.1,10,32.08,53.62,0.6847,0
MCH-MOT-1010,Motor,75.12,2.657,23.66,78.68,9045.0,10,30.96,56.33,0.797,1
MCH-MOT-1010,Motor,68.0,2.802,26.05,77.78,9105.5,10,34.45,59.43,0.7014,0
MCH-MOT-1010,Motor,71.21,3.098,26.96,80.57,9176.9,11,22.01,25.09,0.8617,1
MCH-MOT-1010,Motor,71.15,2.821,26.91,88.02,9249.9,11,33.65,66.55,0.9023,1
MCH-MOT-1010,Motor,66.66,18.0,26.9,83.31,9309.1,11,32.76,63.11,0.7412,1
MCH-MOT-1010,Motor,67.72,2.644,25.42,71.0,9378.8,11,35.02,39.37,0.6608,0
MCH-MOT-1010,Motor,62.53,3.013,25.85,74.92,9433.3,11,24.27,55.03,0.572,0
MCH-MOT-1010,Motor,70.02,3.543,26.31,80.46,9505.8,11,26.14,45.59,0.7338,1
MCH-MOT-1010,Motor,80.88,2.902,26.8,72.5,9578.7,11,16.98,45.52,0.7711,1
MCH-MOT-1010,Motor,73.54,3.512,25.49,63.53,9641.4,11,23.57,59.76,0.7076,1
MCH-MOT-1010,Motor,71.41,2.893,28.17,74.86,9690.1,11,29.23,57.34,0.8205,1
MCH-MOT-1010,Motor,68.22,2.956,30.15,84.75,9768.9,11,32.08,45.56,0.8719,1
MCH-MOT-1010,Motor,76.42,3.388,26.79,76.05,9846.8,11,22.14,65.41,0.8448,1
MCH-MOT-1010,Motor,69.61,2.92,29.11,74.63,9911.6,11,35.12,53.69,0.7451,1
MCH-MOT-1010,Motor,72.8,3.065,28.99,83.99,9990.9,11,32.35,57.21,0.8939,1
MCH-MOT-1010,Motor,72.88,3.085,29.78,84.89,10051.1,12,27.63,43.88,0.9072,1
MCH-MOT-1010,Motor,73.76,3.206,30.05,76.02,10106.1,12,26.72,52.23,0.8786,1
MCH-MOT-1010,Motor,74.77,3.048,25.92,75.06,10164.5,12,25.65,44.93,0.7622,1
MCH-MOT-1010,Motor,73.18,3.324,31.88,78.55,10206.3,12,30.42,63.62,0.8246,1
MCH-MOT-1010,Motor,75.19,3.347,27.69,76.17,10268.3,12,26.02,55.2,0.8398,1
MCH-MOT-1010,Motor,80.37,4.022,27.74,83.88,10334.9,12,32.32,39.1,0.9199,1
MCH-MOT-1010,Motor,72.97,4.093,27.13,85.54,10379.3,12,27.29,81.36,0.9035,1
MCH-MOT-1010,Motor,79.63,3.626,28.42,81.67,10429.6,12,25.33,23.97,0.8459,1
MCH-MOT-1010,Motor,73.31,3.821,28.43,87.7,10498.4,12,31.21,25.42,0.9933,1
MCH-MOT-1010,Motor,74.18,3.851,29.02,84.32,10570.1,12,26.91,44.05,0.8926,1
MCH-MOT-1010,Motor,68.65,3.357,25.02,72.27,10649.6,12,28.47,61.41,0.6847,0
MCH-MOT-1010,Motor,74.15,3.282,27.42,76.17,10699.7,12,27.75,36.74,0.8098,1
MCH-MOT-1010,Motor,74.17,3.711,29.94,83.27,10773.4,12,31.2,30.2,0.9437,1
MCH-MOT-1010,Motor,81.15,3.783,31.97,91.73,10820.2,12,29.2,51.98,0.9437,1
MCH-MOT-1010,Motor,75.12,3.54,27.2,76.2,10865.5,13,29.61,75.36,0.8591,1
MCH-MOT-1010,Motor,76.03,3.999,29.19,81.66,10934.7,13,27.59,52.6,0.837,1
MCH-MOT-1010,Motor,78.17,3.508,27.05,83.95,10992.5,13,29.71,51.24,0.9187,1
MCH-MOT-1010,Motor,82.91,4.07,24.74,90.35,11064.2,13,27.16,57.28,0.8633,1
MCH-MOT-1010,Motor,84.81,4.092,29.31,74.26,11115.5,13,19.9,65.54,0.889,1
MCH-MOT-1010,Motor,75.24,3.742,27.82,79.21,11164.1,13,32.3,57.62,0.8791,1
MCH-MOT-1010,Motor,89.42,3.425,30.14,76.62,11226.0,13,27.37,56.78,0.8541,1
MCH-MOT-1010,Motor,78.04,3.777,28.6,76.64,11270.6,13,30.53,58.38,0.8573,1
MCH-MOT-1010,Motor,76.15,4.05,29.13,82.16,11321.8,13,32.7,67.26,0.9969,1
MCH-MOT-1010,Motor,82.24,4.376,30.12,91.64,11368.4,13,26.34,52.59,0.8981,1
MCH-MOT-1010,Motor,83.34,3.896,27.39,82.5,11421.2,13,25.26,75.69,0.8372,1
MCH-MOT-1010,Motor,77.19,3.702,28.04,80.57,11491.9,13,27.33,68.37,0.8714,1
MCH-MOT-1010,Motor,89.71,3.765,26.89,94.26,11536.7,13,33.29,52.81,0.8827,1
MCH-MOT-1010,Motor,82.47,4.121,27.22,69.44,11601.2,13,24.62,76.79,0.8623,1
MCH-MOT-1010,Motor,80.09,3.825,30.48,87.17,11664.6,13,30.4,24.68,0.868,1
MCH-MOT-1010,Motor,75.98,4.484,29.64,80.42,11726.1,14,31.95,60.94,0.8697,1
MCH-MOT-1010,Motor,83.56,4.142,30.95,89.29,11785.4,14,29.37,58.49,0.9342,1
MCH-MOT-1010,Motor,75.63,3.969,30.31,80.76,11852.0,14,26.42,70.45,0.9406,1
MCH-MOT-1010,Motor,75.0,4.113,30.48,85.58,11926.1,14,30.22,60.69,0.9455,1
MCH-MOT-1010,Motor,77.83,4.14,29.23,83.83,11972.6,14,30.76,59.85,0.9731,1
MCH-MOT-1010,Motor,81.36,4.757,31.93,86.42,12045.1,14,30.41,46.89,0.9332,1
MCH-MOT-1010,Motor,80.77,4.561,30.86,85.12,12087.6,14,24.61,31.53,0.8982,1
MCH-MOT-1010,Motor,82.65,4.24,29.46,93.67,12146.9,14,31.53,43.39,0.9656,1
MCH-MOT-1010,Motor,83.2,4.218,30.33,81.65,12207.3,14,22.72,64.31,0.8379,1
MCH-MOT-1010,Motor,86.54,4.519,32.12,74.27,12255.2,14,24.53,61.83,0.782,1
MCH-MOT-1010,Motor,85.86,4.048,31.17,96.41,12298.8,14,31.1,32.79,0.9698,1
MCH-MOT-1010,Motor,91.95,5.336,32.2,78.77,12341.8,14,29.74,74.15,0.8953,1
MCH-MOT-1010,Motor,89.13,4.277,32.1,72.22,12383.3,14,24.2,54.93,0.8742,1
MCH-MOT-1010,Motor,80.05,18.0,32.13,86.84,12446.2,14,28.24,63.78,0.8885,1
MCH-MOT-1010,Motor,81.58,5.172,33.8,85.42,12492.5,14,26.84,57.48,0.9622,1
MCH-MOT-1010,Motor,82.68,4.805,33.88,79.72,12564.8,15,29.75,29.6,0.9092,1
MCH-MOT-1010,Motor,91.94,4.233,28.6,89.29,12640.8,15,33.55,58.9,0.939,1
MCH-MOT-1010,Motor,79.69,4.719,29.55,88.99,12692.5,15,28.78,49.12,0.9347,1
MCH-MOT-1010,Motor,89.08,5.085,33.86,87.47,12739.0,15,27.22,51.43,0.9355,1
MCH-MOT-1010,Motor,84.41,5.272,30.64,89.86,12795.4,15,27.08,49.59,0.8905,1
MCH-MOT-1010,Motor,85.55,4.695,30.91,89.02,12870.7,15,27.59,41.57,0.9096,1
MCH-MOT-1010,Motor,90.04,5.126,32.4,89.33,12926.7,15,26.56,48.97,0.9385,1
MCH-MOT-1010,Motor,81.66,4.64,34.27,86.63,12971.0,15,26.62,50.61,0.9008,1
MCH-MOT-1010,Motor,84.47,4.966,32.43,89.78,13050.4,15,28.98,55.69,0.8697,1
MCH-MOT-1010,Motor,88.36,5.438,32.77,79.36,13110.4,15,30.55,59.71,0.8987,1
MCH-MOT-1010,Motor,87.73,4.312,28.9,99.66,13164.1,15,25.66,66.59,0.966,1
MCH-MOT-1010,Motor,84.88,5.182,32.69,93.21,13239.8,15,27.95,52.51,0.9691,1
MCH-MOT-1010,Motor,84.58,5.432,36.14,83.95,13316.9,15,23.58,50.83,0.9254,1
MCH-MOT-1010,Motor,88.92,5.193,33.02,89.7,13376.8,16,37.65,48.7,0.9837,1
MCH-MOT-1010,Motor,95.73,5.226,29.38,90.77,13429.1,16,25.94,55.24,0.9666,1
MCH-MOT-1010,Motor,93.26,5.403,35.68,88.5,13488.4,16,23.76,59.22,0.9327,1
MCH-MOT-1010,Motor,90.81,5.275,32.98,87.97,13537.1,16,30.63,53.73,0.849,1
MCH-MOT-1010,Motor,92.86,5.276,34.68,86.07,13596.3,16,24.34,54.49,0.9633,1
MCH-MOT-1010,Motor,89.03,5.276,35.49,98.52,13645.5,16,33.65,39.22,0.9062,1
MCH-MOT-1010,Motor,90.25,5.26,33.3,88.28,13710.3,16,26.78,60.8,0.886,1
MCH-MOT-1010,Motor,101.08,5.274,35.99,88.32,13780.7,16,30.3,56.2,0.8905,1
MCH-COM-1011,Compressor,69.75,18.0,26.97,78.89,3434.2,4,26.48,61.39,0.6399,1
MCH-COM-1011,Compressor,60.6,2.455,26.31,78.62,3508.6,4,28.97,50.3,0.0874,0
MCH-COM-1011,Compressor,63.7,2.127,25.12,78.13,3561.2,4,28.27,76.23,0.0039,0
MCH-COM-1011,Compressor,62.36,3.067,25.49,63.59,3606.7,4,30.41,57.98,0.0212,0
MCH-COM-1011,Compressor,64.53,2.596,24.09,66.97,3678.6,4,29.66,76.14,0.0287,0
MCH-COM-1011,Compressor,56.36,3.143,24.61,68.39,3758.2,4,29.41,65.56,0.0767,0
MCH-COM-1011,Compressor,58.43,1.994,23.67,74.07,3812.6,4,25.94,46.8,0.0245,0
MCH-COM-1011,Compressor,66.85,3.1,26.63,71.06,3887.2,4,23.62,48.73,0.0858,0
MCH-COM-1011,Compressor,56.79,2.727,27.21,79.81,3957.7,4,30.1,56.58,0.1183,0
MCH-COM-1011,Compressor,60.76,2.518,27.25,75.17,4034.1,4,25.32,61.62,0.0543,0
MCH-COM-1011,Compressor,61.65,2.567,25.64,76.23,4091.1,4,34.07,51.52,0.0953,0
MCH-COM-1011,Compressor,70.76,3.493,25.29,65.63,4135.2,4,24.75,42.35,0.2706,0
MCH-COM-1011,Compressor,62.97,3.801,21.86,68.03,4179.9,5,28.98,61.26,0.1717,0
MCH-COM-1011,Compressor,58.06,2.868,27.71,86.33,4250.4,5,26.34,52.95,0.1776,0
MCH-COM-1011,Compressor,67.53,3.764,27.51,74.83,4325.0,5,24.65,55.1,0.3297,0
MCH-COM-1011,Compressor,63.4,2.092,24.28,73.33,4383.2,5,20.71,57.78,0.0,0
MCH-COM-1011,Compressor,72.44,2.334,26.46,80.8,4425.6,5,30.08,42.92,0.2946,0
MCH-COM-1011,Compressor,65.39,3.045,23.88,82.75,4468.3,5,26.4,32.28,0.1032,0
MCH-COM-1011,Compressor,66.92,3.171,25.67,83.96,4532.2,5,23.54,49.92,0.2151,0
MCH-COM-1011,Compressor,57.13,2.973,27.46,82.28,4609.0,5,30.64,63.23,0.1618,0
MCH-COM-1011,Compressor,70.49,2.4,22.72,77.33,4665.0,5,26.03,57.48,0.1502,0
MCH-COM-1011,Compressor,72.11,18.0,23.76,79.06,4731.0,5,24.67,65.96,0.4835,1
MCH-COM-1011,Compressor,57.88,1.875,22.0,85.47,4792.7,5,23.41,63.79,0.0873,0
MCH-COM-1011,Compressor,64.04,2.978,28.29,78.51,4868.3,5,29.54,70.56,0.1504,0
MCH-COM-1011,Compressor,69.27,3.451,26.78,74.07,4941.6,5,26.25,44.56,0.2687,0
MCH-COM-1011,Compressor,61.33,3.183,24.54,77.59,4989.5,5,29.95,42.28,0.0,0
MCH-COM-1011,Compressor,64.09,2.612,23.24,85.17,5056.6,6,21.87,79.28,0.1148,0
MCH-COM-1011,Compressor,67.8,3.493,26.74,78.7,5130.5,6,34.65,42.01,0.2421,0
MCH-COM-1011,Compressor,61.59,2.152,23.68,86.24,5207.7,6,27.31,78.8,0.1213,0
MCH-COM-1011,Compressor,76.98,3.953,29.72,76.95,5271.3,6,28.91,58.54,0.723,1
MCH-COM-1011,Compressor,65.6,3.376,24.07,66.73,5318.4,6,29.45,46.69,0.1114,0
MCH-COM-1011,Compressor,64.43,2.814,27.22,74.0,5380.7,6,32.64,57.47,0.1085,0
MCH-COM-1011,Compressor,65.63,2.354,25.68,80.1,5447.3,6,31.96,38.77,0.0914,0
MCH-COM-1011,Compressor,62.85,3.692,25.44,70.35,5498.2,6,22.19,46.79,0.2089,0
MCH-COM-1011,Compressor,68.74,3.506,22.9,79.52,5577.2,6,30.6,40.84,0.2572,0
MCH-COM-1011,Compressor,66.36,3.082,21.58,75.79,5626.3,6,30.55,73.96,0.0706,0
MCH-COM-1011,Compressor,62.82,2.896,25.58,75.58,5702.8,6,30.42,41.5,0.0085,0
MCH-COM-1011,Compressor,62.03,2.928,28.42,66.61,5759.8,6,26.88,39.7,0.175,0
MCH-COM-1011,Compressor,69.19,3.085,24.77,82.97,5799.8,6,29.32,64.83,0.2079,0
MCH-COM-1011,Compressor,53.5,2.962,22.84,70.02,5861.6,7,33.9,50.5,0.0685,0
MCH-COM-1011,Compressor,6000.0,2.458,26.52,72.95,5926.7,7,29.23,53.65,0.3603,1
MCH-COM-1011,Compressor,63.78,3.09,26.28,84.69,6001.5,7,27.19,50.28,0.1684,0
MCH-COM-1011,Compressor,70.88,3.345,21.2,63.34,6063.1,7,24.68,57.76,0.2023,0
MCH-COM-1011,Compressor,67.06,2.912,27.79,79.63,6106.8,7,28.31,68.74,0.1813,0
MCH-COM-1011,Compressor,64.66,3.069,26.2,64.71,6183.9,7,26.96,59.81,0.0922,0
MCH-COM-1011,Compressor,69.74,3.381,24.88,79.05,6246.5,7,27.19,56.76,0.294,0
MCH-COM-1011,Compressor,64.82,3.181,26.92,79.27,6297.4,7,32.93,82.94,0.2728,0
MCH-COM-1011,Compressor,63.15,3.256,25.94,78.68,6373.3,7,33.98,34.79,0.1571,0
MCH-COM-1011,Compressor,72.4,3.284,26.18,73.55,6418.2,7,28.03,63.38,0.2693,0
MCH-COM-1011,Compressor,67.88,3.313,26.8,79.72,6462.1,7,23.9,64.99,0.1927,0
MCH-COM-1011,Compressor,64.89,3.75,23.17,74.82,6523.5,7,25.44,71.55,0.1658,0
MCH-COM-1011,Compressor,64.6,3.586,28.3,74.8,6588.5,7,28.52,63.8,0.2191,0
MCH-COM-1011,Compressor,65.44,4.071,24.0,80.12,6648.9,7,30.1,53.03,0.1939,0
MCH-COM-1011,Compressor,72.01,3.277,26.42,84.61,6726.1,8,26.84,42.44,0.3141,0
MCH-COM-1011,Compressor,65.55,3.447,23.48,77.33,6776.6,8,23.61,55.76,0.1799,0
MCH-COM-1011,Compressor,61.49,2.848,20.41,68.04,6856.2,8,31.13,59.17,0.0372,0
MCH-COM-1011,Compressor,67.19,2.561,26.44,74.31,6897.0,8,26.7,53.91,0.1033,0
MCH-COM-1011,Compressor,61.96,3.113,26.56,69.23,6941.7,8,21.62,47.79,0.0266,0
MCH-COM-1011,Compressor,63.63,2.884,26.82,70.16,6989.1,8,27.64,36.83,0.115,0
MCH-COM-1011,Compressor,65.92,3.398,22.71,73.85,7032.3,8,22.89,52.05,0.1568,0
MCH-COM-1011,Compressor,63.72,2.317,23.64,65.33,7089.9,8,22.82,63.05,0.0288,0
MCH-COM-1011,Compressor,66.25,3.013,23.94,76.36,7164.5,8,24.25,65.09,0.0,0
MCH-COM-1011,Compressor,63.45,2.747,26.38,78.27,7237.3,8,17.51,58.05,0.0624,0
MCH-COM-1011,Compressor,63.63,2.946,24.3,78.0,7307.1,8,30.88,45.72,0.0668,0
MCH-COM-1011,Compressor,64.86,2.228,24.05,83.09,7347.4,8,21.97,50.92,0.0695,0
MCH-COM-1011,Compressor,73.02,2.731,24.04,68.82,7422.0,8,28.04,58.24,0.2227,0
MCH-COM-1011,Compressor,68.95,3.136,26.7,73.03,7477.9,8,28.97,52.44,0.2243,0
MCH-COM-1011,Compressor,65.47,3.004,24.08,71.9,7547.1,9,28.95,64.84,0.0523,0
MCH-COM-1011,Compressor,65.51,3.092,25.72,64.76,7616.2,9,24.3,38.61,0.1046,0
MCH-COM-1011,Compressor,61.4,2.752,22.61,72.58,7663.3,9,23.5,64.09,0.0,0
MCH-COM-1011,Compressor,65.6,2.849,20.92,72.25,7723.9,9,24.95,57.97,0.0,0
MCH-COM-1011,Compressor,66.3,3.632,23.86,71.34,7801.0,9,32.15,56.99,0.2315,0
MCH-COM-1011,Compressor,72.39,3.289,24.62,70.88,7851.5,9,33.31,57.48,0.3074,0
MCH-COM-1011,Compressor,67.71,3.44,26.1,80.3,7920.1,9,29.81,61.66,0.2784,0
MCH-COM-1011,Compressor,72.24,2.383,25.62,66.98,7998.4,9,27.61,48.14,0.2187,0
MCH-COM-1011,Compressor,66.37,2.522,24.94,83.36,8052.9,9,22.75,44.75,0.0936,0
MCH-COM-1011,Compressor,65.31,3.076,27.04,70.24,8108.4,9,25.92,47.29,0.1157,0
MCH-COM-1011,Compressor,70.36,2.149,22.61,150.0,8166.5,9,33.61,47.63,0.2828,1
MCH-COM-1011,Compressor,6000.0,3.433,25.51,74.35,8238.8,9,21.74,51.06,0.4382,1
MCH-COM-1011,Compressor,61.03,3.327,26.77,71.83,8296.4,9,30.9,53.68,0.2619,0
MCH-COM-1011,Compressor,73.14,2.453,26.54,82.83,8355.8,10,24.12,48.1,0.2669,0
MCH-COM-1011,Compressor,64.47,2.822,24.6,80.03,8404.7,10,20.42,43.31,0.1864,0
MCH-COM-1011,Compressor,67.21,2.471,26.12,82.96,8484.3,10,27.8,42.9,0.1051,0
MCH-COM-1011,Compressor,71.89,2.557,25.08,81.54,8560.0,10,28.46,34.03,0.2458,0
MCH-COM-1011,Compressor,61.08,2.365,21.54,82.14,8624.0,10,24.66,59.0,0.0243,0
MCH-COM-1011,Compressor,65.65,3.148,25.76,75.83,8702.4,10,24.96,44.81,0.1163,0
MCH-COM-1011,Compressor,64.5,3.215,27.2,77.06,8769.9,10,24.76,28.83,0.1888,0
MCH-COM-1011,Compressor,59.62,2.635,25.48,75.51,8848.2,10,35.43,60.8,0.0697,0
MCH-COM-1011,Compressor,67.86,3.543,24.28,68.55,8894.7,10,26.2,54.86,0.2599,0
MCH-COM-1011,Compressor,61.0,3.208,22.99,65.8,8943.7,10,23.51,52.19,0.0615,0
MCH-COM-1011,Compressor,64.09,3.3,26.15,71.04,9019.1,10,22.78,48.09,0.0482,0
MCH-COM-1011,Compressor,68.56,3.176,27.4,85.38,9075.9,10,26.07,72.84,0.3114,0
MCH-COM-1011,Compressor,69.08,3.354,21.05,69.2,9130.8,10,23.11,33.62,0.2086,0
MCH-COM-1011,Compressor,73.28,2.871,26.71,83.91,9200.9,11,28.83,54.7,0.3034,0
MCH-COM-1011,Compressor,67.15,3.437,25.92,77.56,9266.2,11,27.8,35.88,0.204,0
MCH-COM-1011,Compressor,59.86,3.31,26.51,68.16,9319.9,11,25.57,80.46,0.1736,0
MCH-COM-1011,Compressor,60.12,3.4,23.45,63.48,9375.8,11,30.08,44.0,0.0961,0
MCH-COM-1011,Compressor,61.75,3.354,25.37,59.46,9432.2,11,29.53,51.52,0.142,0
MCH-COM-1011,Compressor,66.58,3.378,23.58,70.26,9477.2,11,27.9,50.67,0.2033,0
MCH-COM-1011,Compressor,64.39,2.388,23.34,80.79,9526.4,11,27.33,52.35,0.1479,0
MCH-COM-1011,Compressor,61.34,1.882,23.29,76.45,9587.9,11,27.0,36.27,0.0978,0
MCH-COM-1011,Compressor,65.65,3.195,25.84,67.21,9659.2,11,29.21,65.89,0.1311,0
MCH-COM-1011,Compressor,67.89,3.257,21.53,74.91,9715.9,11,24.17,70.39,0.1785,0
MCH-COM-1011,Compressor,61.2,2.977,25.5,80.4,9771.3,11,21.3,28.48,0.0615,0
MCH-COM-1011,Compressor,54.87,3.079,26.18,82.42,9837.3,11,25.51,56.93,0.1075,0
MCH-COM-1011,Compressor,60.3,3.458,25.55,71.37,9883.6,11,28.57,53.33,0.1894,0
MCH-COM-1011,Compressor,63.56,3.114,23.76,69.37,9938.8,11,28.69,44.24,0.0501,0
MCH-COM-1011,Compressor,67.37,2.617,25.43,70.38,9987.1,11,21.58,47.83,0.1164,0
MCH-COM-1011,Compressor,67.09,3.075,26.82,69.11,10053.2,12,26.49,74.73,0.1219,0
MCH-COM-1011,Compressor,63.19,2.464,24.61,72.39,10097.7,12,30.41,58.07,0.0979,0
MCH-COM-1011,Compressor,62.65,3.0,26.48,89.6,10155.6,12,30.81,42.85,0.1502,0
MCH-COM-1011,Compressor,65.72,2.74,25.94,61.37,10219.5,12,30.21,49.28,0.1267,0
MCH-COM-1011,Compressor,70.86,2.369,25.55,79.76,10292.8,12,28.68,35.63,0.1874,0
MCH-COM-1011,Compressor,64.15,2.736,24.38,72.71,10361.8,12,23.24,56.98,0.0071,0
MCH-COM-1011,Compressor,67.68,3.259,28.25,73.73,10439.5,12,24.79,37.36,0.2976,0
MCH-COM-1011,Compressor,67.65,2.654,28.39,83.14,10506.7,12,22.59,45.96,0.2092,0
MCH-COM-1011,Compressor,60.72,2.952,26.42,66.76,10560.7,12,29.17,69.02,0.0228,0
MCH-COM-1011,Compressor,64.7,2.666,26.66,67.94,10609.9,12,28.97,55.31,0.0424,0
MCH-COM-1011,Compressor,62.67,2.751,22.52,77.62,10652.2,12,26.3,44.66,0.0861,0
MCH-COM-1011,Compressor,67.15,2.449,22.97,80.38,10703.3,12,27.34,66.47,0.1543,0
MCH-COM-1011,Compressor,65.0,3.078,27.77,82.84,10748.8,12,32.61,47.45,0.1537,0
MCH-COM-1011,Compressor,68.04,3.688,27.33,75.08,10803.5,12,30.91,63.94,0.3142,0
MCH-COM-1011,Compressor,65.77,3.049,23.42,70.88,10871.6,13,25.19,35.81,0.094,0
MCH-COM-1011,Compressor,64.84,3.381,27.52,82.95,10939.3,13,33.67,45.92,0.3028,0
MCH-COM-1011,Compressor,68.72,3.691,28.11,77.91,10992.1,13,20.01,59.39,0.3807,0
MCH-COM-1011,Compressor,70.01,3.715,26.82,71.48,11052.4,13,23.88,61.41,0.3919,0
MCH-COM-1011,Compressor,70.9,2.148,26.13,76.92,11101.1,13,27.17,43.9,0.2523,0
MCH-COM-1011,Compressor,62.87,2.743,27.22,70.3,11161.2,13,29.81,39.49,0.1889,0
MCH-COM-1011,Compressor,56.05,4.048,24.72,58.23,11221.6,13,25.13,44.49,0.2306,0
MCH-COM-1011,Compressor,63.54,2.669,120.0,68.05,11273.6,13,31.29,69.41,0.1889,1
MCH-COM-1011,Compressor,60.49,3.036,25.46,73.68,11324.0,13,29.58,58.7,0.0458,0
MCH-COM-1011,Compressor,69.77,2.896,28.35,77.52,11403.2,13,35.88,69.1,0.3152,0
MCH-COM-1011,Compressor,62.11,2.649,26.07,75.86,11464.7,13,25.64,65.0,0.0689,0
MCH-COM-1011,Compressor,68.36,2.512,27.0,78.01,11527.2,13,32.79,66.73,0.2198,0
MCH-COM-1011,Compressor,64.34,3.892,24.42,79.49,11567.5,13,26.47,32.66,0.2725,0
MCH-COM-1011,Compressor,66.62,3.351,25.82,81.88,11614.8,13,29.57,45.7,0.2221,0
MCH-COM-1011,Compressor,65.68,2.712,25.95,75.48,11669.0,14,25.58,52.87,0.089,0
MCH-COM-1011,Compressor,70.52,3.094,25.11,66.4,11747.7,14,34.88,67.44,0.2595,0
MCH-COM-1011,Compressor,55.9,3.02,24.75,79.1,11794.7,14,26.2,52.22,0.0298,0
MCH-COM-1011,Compressor,61.91,2.713,25.39,83.03,11846.8,14,31.23,67.9,0.1058,0
MCH-COM-1011,Compressor,70.98,2.129,29.04,87.91,11926.4,14,29.83,64.99,0.3222,0
MCH-COM-1011,Compressor,64.16,2.695,24.9,78.34,11985.7,14,29.68,78.84,0.087,0
MCH-COM-1011,Compressor,59.04,3.822,22.56,71.64,12038.4,14,29.09,60.01,0.2261,0
MCH-COM-1011,Compressor,62.01,2.26,26.24,82.1,12103.8,14,23.11,66.95,0.1643,0
MCH-COM-1011,Compressor,62.36,2.009,22.86,71.43,12163.6,14,34.17,53.58,0.0578,0
MCH-COM-1011,Compressor,65.59,2.352,26.03,69.13,12241.9,14,24.67,59.51,0.0688,0
MCH-COM-1011,Compressor,6000.0,2.48,23.81,78.09,12285.2,14,32.68,29.03,0.342,1
MCH-COM-1011,Compressor,63.05,2.038,22.33,71.59,12356.9,14,28.24,67.1,0.1195,0
MCH-COM-1011,Compressor,68.79,3.013,23.59,73.9,12408.0,14,30.78,67.39,0.0858,0
MCH-COM-1011,Compressor,61.28,3.168,25.96,82.4,12480.3,14,25.28,46.99,0.1234,0
MCH-COM-1011,Compressor,63.37,2.775,27.51,66.77,12554.2,15,36.22,47.65,0.1329,0
MCH-COM-1011,Compressor,64.56,3.136,24.47,80.14,12628.2,15,26.61,48.12,0.0781,0
MCH-COM-1011,Compressor,65.12,2.662,22.02,86.19,12702.8,15,25.79,79.74,0.1428,0
MCH-COM-1011,Compressor,65.57,3.085,29.43,61.85,12771.6,15,28.86,51.82,0.1953,0
MCH-COM-1011,Compressor,65.6,2.867,25.38,74.86,12817.3,15,22.75,59.58,0.0818,0
MCH-COM-1011,Compressor,62.83,3.934,27.67,80.06,12859.3,15,31.33,55.36,0.3693,0
MCH-COM-1011,Compressor,71.28,3.404,23.86,74.76,12913.0,15,30.29,65.05,0.2905,0
MCH-COM-1011,Compressor,62.73,3.792,22.86,69.35,12972.8,15,22.69,43.68,0.1733,0
MCH-COM-1011,Compressor,70.12,2.963,25.99,74.94,13024.9,15,23.23,81.62,0.2133,0
MCH-COM-1011,Compressor,66.42,2.572,24.55,70.85,13094.6,15,28.39,58.72,0.0115,0
MCH-COM-1011,Compressor,59.18,4.066,25.48,77.74,13163.5,15,26.31,36.26,0.2888,0
MCH-COM-1011,Compressor,63.71,3.355,26.81,150.0,13242.3,15,31.95,76.64,0.3165,1
MCH-COM-1011,Compressor,66.98,2.05,24.69,69.79,13298.4,15,28.93,45.51,0.1427,0
MCH-COM-1011,Compressor,68.92,3.602,28.24,64.94,13369.8,16,23.2,90.13,0.4746,0
MCH-COM-1011,Compressor,65.9,3.016,24.89,63.4,13439.4,16,24.91,53.66,0.0545,0
MCH-COM-1011,Compressor,62.66,4.279,120.0,76.67,13519.0,16,28.97,62.07,0.4782,1
MCH-COM-1011,Compressor,69.99,3.222,22.43,74.35,13589.9,16,27.31,52.38,0.2352,0
MCH-COM-1011,Compressor,67.54,3.258,25.68,75.51,13641.3,16,19.4,64.33,0.2664,0
MCH-COM-1011,Compressor,61.06,3.14,26.3,82.03,13681.9,16,30.04,58.86,0.2219,0
MCH-COM-1011,Compressor,63.77,3.206,23.76,81.66,13760.6,16,21.56,64.8,0.0959,0
MCH-COM-1011,Compressor,68.86,2.61,25.18,75.36,13829.3,16,29.74,42.43,0.144,0
MCH-COM-1011,Compressor,57.62,2.666,21.87,79.97,13901.8,16,29.6,60.47,0.1173,0
MCH-COM-1011,Compressor,63.74,3.305,25.13,74.48,13973.5,16,33.23,79.98,0.1852,0
MCH-COM-1011,Compressor,68.33,3.16,25.66,76.48,14042.9,16,26.67,11.98,0.2126,0
MCH-COM-1011,Compressor,62.22,2.879,24.56,70.3,14113.0,16,28.96,54.47,0.0338,0
MCH-COM-1011,Compressor,65.6,2.983,26.86,66.96,14190.2,17,24.78,63.7,0.1414,0
MCH-COM-1011,Compressor,61.39,2.705,24.8,74.42,14266.7,17,27.16,42.66,0.0871,0
MCH-COM-1011,Compressor,70.3,2.045,21.89,81.02,14321.9,17,34.28,29.45,0.1857,0
MCH-COM-1011,Compressor,71.55,2.569,28.16,73.93,14363.1,17,29.26,46.37,0.3437,0
MCH-COM-1011,Compressor,68.34,3.862,27.88,74.95,14404.7,17,40.43,71.21,0.4792,0
MCH-COM-1011,Compressor,61.01,2.235,22.11,69.4,14462.5,17,33.51,60.85,0.038,0
MCH-COM-1011,Compressor,64.46,2.871,26.6,69.73,14535.9,17,29.4,58.6,0.136,0
MCH-COM-1011,Compressor,71.35,2.852,23.01,80.12,14609.8,17,28.22,59.9,0.2635,0
MCH-COM-1011,Compressor,68.25,4.086,22.47,77.13,14666.0,17,24.86,87.28,0.4371,0
MCH-COM-1011,Compressor,66.13,2.386,23.03,79.48,14718.1,17,22.55,39.03,0.1658,0
MCH-COM-1011,Compressor,65.53,18.0,24.12,80.52,14778.3,17,24.55,62.52,0.4385,1
MCH-COM-1011,Compressor,69.73,2.772,23.68,64.87,14851.7,17,19.92,52.89,0.1756,0
MCH-COM-1011,Compressor,60.66,2.564,28.05,80.26,14917.1,17,22.95,49.69,0.0572,0
MCH-COM-1011,Compressor,62.49,2.596,24.32,81.54,14962.7,17,32.73,46.17,0.1452,0
MCH-COM-1011,Compressor,64.97,2.496,24.41,67.41,15017.2,18,32.65,73.63,0.1153,0
MCH-COM-1011,Compressor,62.4,3.527,27.43,68.31,15079.4,18,27.41,54.29,0.2913,0
MCH-COM-1011,Compressor,66.54,2.65,23.92,74.39,15140.9,18,22.04,30.32,0.0515,0
MCH-COM-1011,Compressor,62.04,4.067,28.94,71.96,15214.2,18,37.36,66.25,0.4683,0
MCH-COM-1011,Compressor,54.67,3.344,25.06,77.59,15291.5,18,27.08,41.27,0.1882,0
MCH-COM-1011,Compressor,67.83,2.823,24.28,65.88,15335.5,18,28.36,41.66,0.0946,0
MCH-COM-1011,Compressor,62.06,2.852,29.33,73.16,15384.4,18,26.24,62.03,0.2155,0
MCH-COM-1011,Compressor,70.0,3.497,26.05,54.74,15440.1,18,26.96,39.73,0.3299,0
MCH-COM-1011,Compressor,69.21,3.194,22.59,83.97,15492.0,18,26.95,76.66,0.1904,0
MCH-COM-1011,Compressor,67.03,2.77,27.81,78.65,15548.3,18,33.77,57.13,0.236,0
MCH-COM-1011,Compressor,67.38,3.721,27.03,75.83,15590.0,18,20.57,64.72,0.307,0
MCH-CNC-1012,CNC,59.63,2.262,18.23,71.75,551.0,0,28.33,47.55,0.2359,0
MCH-CNC-1012,CNC,54.68,2.232,20.08,60.19,619.2,0,32.85,52.43,0.1913,0
MCH-CNC-1012,CNC,51.08,1.848,16.1,76.08,696.6,0,29.76,53.85,0.0712,0
MCH-CNC-1012,CNC,51.09,1.959,21.0,58.85,749.9,0,37.79,64.43,0.1952,0
MCH-CNC-1012,CNC,59.0,2.0,17.27,59.08,821.1,0,24.05,54.21,0.1346,0
MCH-CNC-1012,CNC,60.07,2.178,21.54,42.72,890.3,1,23.13,50.74,0.3851,0
MCH-CNC-1012,CNC,54.67,1.56,17.63,50.42,969.4,1,22.43,78.99,0.0371,0
MCH-CNC-1012,CNC,55.52,1.972,17.62,53.27,1028.2,1,26.76,59.05,0.0629,0
MCH-CNC-1012,CNC,57.84,1.634,19.48,63.8,1074.9,1,25.5,57.19,0.1263,0
MCH-CNC-1012,CNC,55.14,2.144,16.71,75.94,1145.5,1,20.28,61.93,0.141,0
MCH-CNC-1012,CNC,56.93,1.787,19.75,59.14,1218.2,1,23.26,41.86,0.1209,0
MCH-CNC-1012,CNC,50.21,2.54,19.57,74.61,1286.5,1,34.89,50.78,0.3686,0
MCH-CNC-1012,CNC,46.97,1.878,20.65,53.38,1361.1,1,27.16,48.35,0.1092,0
MCH-CNC-1012,CNC,58.86,1.538,15.98,71.89,1415.9,1,30.93,51.89,0.1573,0
MCH-CNC-1012,CNC,50.9,2.279,17.9,64.85,1483.5,1,18.45,51.87,0.1173,0
MCH-CNC-1012,CNC,54.81,2.377,19.83,52.33,1534.1,1,31.3,43.09,0.287,0
MCH-CNC-1012,CNC,56.97,1.749,19.18,55.96,1591.9,1,25.68,63.48,0.0458,0
MCH-CNC-1012,CNC,52.34,2.312,18.16,48.37,1641.6,1,31.42,50.12,0.1662,0
MCH-CNC-1012,CNC,47.48,2.271,16.71,50.05,1687.8,2,30.56,64.67,0.1697,0
MCH-CNC-1012,CNC,57.74,18.0,20.02,69.53,1729.3,2,29.26,49.68,0.5691,1
MCH-CNC-1012,CNC,56.32,1.623,16.85,48.58,1796.1,2,28.94,56.0,0.1291,0
MCH-CNC-1012,CNC,57.46,1.687,16.97,66.24,1871.1,2,31.72,45.45,0.1559,0
MCH-CNC-1012,CNC,52.66,1.941,18.22,64.48,1923.7,2,29.27,58.28,0.0536,0
MCH-CNC-1012,CNC,56.16,2.165,19.03,54.24,1980.9,2,31.66,39.19,0.1325,0
MCH-CNC-1012,CNC,54.17,1.621,17.56,61.77,2021.0,2,20.7,50.26,0.0306,0
MCH-CNC-1012,CNC,61.12,2.064,18.19,61.86,2077.5,2,30.42,66.74,0.2762,0
MCH-CNC-1012,CNC,58.93,2.374,17.9,59.05,2128.8,2,15.59,40.07,0.2711,0
MCH-CNC-1012,CNC,58.6,2.219,17.89,75.41,2191.7,2,32.02,50.27,0.2469,0
MCH-CNC-1012,CNC,51.71,1.558,17.37,53.93,2268.1,2,26.54,64.58,0.0,0
MCH-CNC-1012,CNC,54.98,2.018,14.53,47.88,2328.3,2,26.46,44.88,0.0224,0
MCH-CNC-1012,CNC,59.21,1.978,16.02,53.66,2395.4,2,34.84,73.39,0.1075,0
MCH-CNC-1012,CNC,50.31,2.092,18.58,60.2,2463.6,2,25.72,50.65,0.046,0
MCH-CNC-1012,CNC,51.56,2.41,19.32,57.72,2509.7,3,29.41,59.68,0.1195,0
MCH-CNC-1012,CNC,57.62,2.25,18.06,56.52,2563.5,3,33.53,62.83,0.2386,0
MCH-CNC-1012,CNC,56.36,2.251,14.86,52.62,2608.1,3,29.45,31.91,0.196,0
MCH-CNC-1012,CNC,54.19,2.147,18.81,72.66,2665.7,3,28.33,50.53,0.1504,0
MCH-CNC-1012,CNC,53.85,2.212,19.13,62.12,2741.2,3,30.19,70.32,0.2259,0
MCH-CNC-1012,CNC,59.1,1.782,17.89,56.15,2800.4,3,31.17,42.83,0.1992,0
MCH-CNC-1012,CNC,49.42,2.178,19.87,67.29,2858.7,3,31.25,65.07,0.207,0
MCH-CNC-1012,CNC,56.84,2.204,17.02,58.4,2907.0,3,28.28,50.97,0.1407,0
MCH-CNC-1012,CNC,51.29,2.069,19.36,60.07,2959.4,3,39.06,43.96,0.0987,0
MCH-CNC-1012,CNC,58.87,2.32,18.98,68.56,3036.9,3,28.22,74.95,0.3566,0
MCH-CNC-1012,CNC,52.44,2.096,15.68,72.17,3089.0,3,28.9,71.19,0.1034,0
MCH-CNC-1012,CNC,49.43,2.791,18.2,52.0,3158.3,3,32.58,79.43,0.3639,0
MCH-CNC-1012,CNC,54.7,2.071,16.33,54.47,3200.0,3,35.13,53.41,0.0807,0
MCH-CNC-1012,CNC,53.64,2.322,15.04,62.04,3245.1,3,37.85,79.37,0.1705,0
MCH-CNC-1012,CNC,58.95,2.392,17.81,67.4,3297.6,3,35.15,39.83,0.3751,0
MCH-CNC-1012,CNC,56.08,2.031,18.02,61.85,3373.6,4,29.26,68.42,0.067,0
MCH-CNC-1012,CNC,54.47,1.748,17.29,62.09,3422.4,4,25.18,66.35,0.0278,0
MCH-CNC-1012,CNC,58.43,1.808,16.75,69.09,3491.5,4,28.52,52.57,0.119,0
MCH-CNC-1012,CNC,56.98,1.623,20.08,56.72,3538.2,4,34.8,39.0,0.1541,0
MCH-CNC-1012,CNC,54.44,1.407,18.99,44.61,3602.7,4,26.83,68.25,0.1415,0
MCH-CNC-1012,CNC,52.29,2.24,17.63,56.76,3666.1,4,33.1,40.99,0.0802,0
MCH-CNC-1012,CNC,57.6,1.63,120.0,58.27,3731.0,4,31.5,65.47,0.286,1
MCH-CNC-1012,CNC,54.87,2.214,16.52,150.0,3782.5,4,33.94,46.18,0.1908,1
MCH-CNC-1012,CNC,54.39,1.953,20.15,59.32,3829.0,4,26.57,51.76,0.0013,0
MCH-CNC-1012,CNC,52.99,1.85,20.49,65.69,3904.4,4,26.62,66.78,0.1548,0
MCH-CNC-1012,CNC,59.13,2.389,21.35,68.09,3967.2,4,29.75,70.49,0.4329,0
MCH-CNC-1012,CNC,53.81,1.981,20.05,53.15,4015.7,4,24.15,57.84,0.1013,0
MCH-CNC-1012,CNC,52.89,2.201,20.05,69.6,4072.2,4,29.41,53.91,0.2462,0
MCH-CNC-1012,CNC,55.05,2.282,20.94,66.68,4114.9,4,24.01,40.13,0.2642,0
MCH-CNC-1012,CNC,57.13,2.133,21.31,63.48,4173.9,5,26.69,41.4,0.2764,0
MCH-CNC-1012,CNC,54.98,1.548,18.03,52.03,4230.9,5,26.3,55.07,0.0,0
MCH-CNC-1012,CNC,53.54,1.777,16.92,51.94,4276.2,5,26.07,44.26,0.0432,0
MCH-CNC-1012,CNC,55.6,2.358,20.83,65.42,4333.9,5,29.8,63.88,0.2941,0
MCH-CNC-1012,CNC,55.15,1.991,16.47,66.71,4399.5,5,27.87,72.39,0.0,0
MCH-CNC-1012,CNC,53.12,2.374,14.16,75.44,4476.7,5,22.65,60.94,0.2577,0
MCH-CNC-1012,CNC,58.37,1.901,14.78,57.38,4544.8,5,27.12,30.41,0.1661,0
MCH-CNC-1012,CNC,51.77,2.195,17.63,75.69,4604.9,5,26.98,60.16,0.2173,0
MCH-CNC-1012,CNC,50.13,1.939,19.13,64.82,4675.7,5,26.83,37.52,0.1635,0
MCH-CNC-1012,CNC,56.26,2.253,17.59,46.53,4726.9,5,30.14,54.89,0.1876,0
MCH-CNC-1012,CNC,55.09,1.986,18.63,55.22,4793.6,5,25.42,53.83,0.0625,0
MCH-CNC-1012,CNC,54.31,2.582,19.56,62.46,4833.8,5,34.21,45.1,0.3617,0
MCH-CNC-1012,CNC,53.62,2.601,21.0,45.97,4876.7,5,33.87,51.59,0.33,0
MCH-CNC-1012,CNC,56.57,1.698,18.75,52.47,4941.7,5,28.71,71.02,0.0366,0
MCH-CNC-1012,CNC,53.92,2.162,15.89,53.29,4989.4,5,26.28,64.44,0.0648,0
MCH-CNC-1012,CNC,56.61,1.992,16.82,71.9,5057.0,6,25.21,60.03,0.1713,0
MCH-CNC-1012,CNC,56.69,1.818,19.58,71.03,5122.4,6,31.97,56.89,0.1572,0
MCH-CNC-1012,CNC,63.47,1.703,19.32,62.66,5165.0,6,27.75,57.22,0.3595,0
MCH-CNC-1012,CNC,56.28,2.095,22.02,68.57,5220.7,6,30.06,61.91,0.3045,0
MCH-CNC-1012,CNC,56.11,2.552,16.54,58.54,5285.2,6,20.37,61.71,0.2751,0
MCH-CNC-1012,CNC,52.01,2.431,16.92,57.26,5353.7,6,28.48,74.13,0.1423,0
MCH-CNC-1012,CNC,55.87,2.232,18.85,64.84,5426.4,6,31.05,48.34,0.2054,0
MCH-CNC-1012,CNC,54.67,1.927,20.02,54.96,5479.6,6,29.28,46.33,0.0773,0
MCH-CNC-1012,CNC,61.93,1.967,18.78,60.04,5553.1,6,26.61,56.44,0.3319,0
MCH-CNC-1012,CNC,50.44,2.079,17.94,62.5,5607.2,6,27.69,50.68,0.1054,0
MCH-CNC-1012,CNC,56.6,2.419,18.74,58.42,5647.5,6,30.47,31.23,0.2449,0
MCH-CNC-1012,CNC,55.82,2.655,16.7,51.06,5711.9,6,29.46,59.35,0.3696,0
MCH-CNC-1012,CNC,55.56,1.812,15.77,62.27,5761.6,6,22.87,38.48,0.0608,0
MCH-CNC-1012,CNC,56.29,2.596,19.47,71.47,5806.6,6,30.61,59.4,0.3278,0
MCH-CNC-1012,CNC,51.03,1.876,17.5,67.15,5856.9,7,24.08,64.16,0.0522,0
MCH-CNC-1012,CNC,57.44,2.239,20.31,59.61,5930.0,7,30.12,46.16,0.3398,0
MCH-CNC-1012,CNC,60.29,1.756,18.96,64.25,6006.6,7,32.7,35.1,0.2164,0
MCH-CNC-1012,CNC,54.83,1.82,17.62,68.29,6085.0,7,30.92,53.46,0.0604,0
MCH-CNC-1012,CNC,51.79,2.226,16.08,59.05,6137.2,7,38.72,60.51,0.0823,0
MCH-CNC-1012,CNC,51.82,1.632,19.19,57.74,6195.4,7,32.69,56.72,0.0286,0
MCH-CNC-1012,CNC,53.58,2.117,16.81,69.06,6267.5,7,30.16,44.67,0.0759,0
MCH-CNC-1012,CNC,59.42,2.406,16.03,57.07,6320.2,7,35.69,54.19,0.2831,0
MCH-CNC-1012,CNC,58.38,1.63,16.74,58.21,6375.6,7,33.22,68.44,0.1233,0
MCH-CNC-1012,CNC,54.88,2.369,17.92,65.42,6425.1,7,32.05,76.56,0.2761,0
MCH-CNC-1012,CNC,54.21,2.419,20.21,56.45,6488.0,7,23.98,70.83,0.2669,0
MCH-CNC-1012,CNC,50.22,1.95,18.15,51.52,6554.4,7,28.89,58.2,0.0637,0
MCH-CNC-1012,CNC,61.1,2.129,19.69,48.35,6607.1,7,22.14,60.52,0.3685,0
MCH-CNC-1012,CNC,51.97,2.043,16.15,54.25,6648.1,7,28.77,49.09,0.0,0
MCH-CNC-1012,CNC,51.02,1.434,18.71,64.78,6717.5,8,30.37,44.09,0.0413,0
MCH-CNC-1012,CNC,57.12,2.002,17.76,54.81,6782.2,8,28.77,74.41,0.1338,0
MCH-CNC-1012,CNC,54.23,2.162,16.35,65.84,6830.9,8,24.68,63.28,0.0887,0
MCH-CNC-1012,CNC,53.29,2.877,18.74,54.0,6883.5,8,24.82,83.38,0.4255,0
MCH-CNC-1012,CNC,53.3,1.939,18.65,59.93,6961.8,8,29.38,76.28,0.1298,0
MCH-CNC-1012,CNC,56.93,1.978,17.25,68.58,7027.0,8,22.15,26.6,0.0622,0
MCH-CNC-1012,CNC,54.59,1.594,15.43,75.45,7090.8,8,29.85,55.24,0.0797,0
MCH-CNC-1012,CNC,58.42,2.57,16.36,50.51,7156.4,8,30.47,59.97,0.3478,0
MCH-CNC-1012,CNC,50.82,2.289,19.75,67.98,7234.6,8,26.37,61.22,0.2124,0
MCH-CNC-1012,CNC,55.19,1.804,17.26,58.81,7288.2,8,26.04,45.89,0.0071,0
MCH-CNC-1012,CNC,62.31,2.005,19.03,46.91,7339.4,8,33.43,57.01,0.2866,0
MCH-CNC-1012,CNC,55.47,2.455,14.24,54.63,7394.5,8,27.52,53.43,0.2118,0
MCH-CNC-1012,CNC,56.12,2.53,21.52,66.83,7466.5,8,25.3,39.59,0.4214,0
MCH-CNC-1012,CNC,62.42,2.436,20.78,82.45,7511.4,9,31.35,41.79,0.6607,0
MCH-CNC-1012,CNC,61.96,2.236,21.33,61.42,7559.7,9,29.34,50.79,0.4588,0
MCH-CNC-1012,CNC,58.84,1.867,18.54,52.33,7608.8,9,26.37,45.46,0.21,0
MCH-CNC-1012,CNC,61.63,2.557,17.43,61.66,7674.2,9,22.61,53.23,0.4268,0
MCH-CNC-1012,CNC,61.89,2.57,21.35,64.77,7739.9,9,27.07,65.48,0.5535,0
MCH-CNC-1012,CNC,57.69,2.58,19.16,46.86,7794.8,9,29.76,39.47,0.3635,0
MCH-CNC-1012,CNC,55.02,2.29,19.08,72.79,7845.8,9,25.87,42.1,0.2478,0
MCH-CNC-1012,CNC,59.33,2.782,18.35,65.11,7916.0,9,37.88,52.13,0.5507,0
MCH-CNC-1012,CNC,55.35,2.327,20.69,61.03,7957.3,9,30.46,60.1,0.3296,0
MCH-CNC-1012,CNC,63.73,2.249,18.99,65.75,8026.8,9,34.27,42.95,0.4802,0
MCH-CNC-1012,CNC,61.51,2.858,22.04,60.92,8075.2,9,32.05,70.96,0.7515,1
MCH-CNC-1012,CNC,62.91,2.747,19.69,52.73,8151.4,9,26.89,56.35,0.6724,0
MCH-CNC-1012,CNC,63.55,2.303,20.26,80.6,8207.9,9,31.98,62.39,0.5583,0
MCH-CNC-1012,CNC,61.01,2.252,21.35,45.3,8273.6,9,26.7,54.96,0.4218,0
MCH-CNC-1012,CNC,68.98,3.364,22.35,57.73,8318.4,9,35.69,62.43,0.938,1
MCH-CNC-1012,CNC,62.92,3.143,20.04,66.5,8368.6,10,29.27,41.79,0.7527,1
MCH-CNC-1012,CNC,60.1,3.155,19.7,67.96,8436.6,10,22.44,41.4,0.6422,0
MCH-CNC-1012,CNC,62.66,2.987,21.75,51.69,8498.6,10,27.33,45.99,0.7771,1
MCH-CNC-1012,CNC,63.09,2.948,20.22,79.91,8569.4,10,22.87,50.2,0.7301,1
MCH-CNC-1012,CNC,63.49,2.782,18.75,60.82,8632.0,10,24.16,75.15,0.6052,0
MCH-CNC-1012,CNC,64.45,2.629,22.71,58.75,8694.8,10,25.8,47.45,0.6676,0
MCH-CNC-1012,CNC,63.89,2.695,20.68,75.0,8769.1,10,27.87,56.5,0.7452,1
MCH-CNC-1012,CNC,68.15,2.922,23.55,68.32,8826.1,10,25.75,34.87,0.8308,1
MCH-CNC-1012,CNC,68.08,3.426,24.73,69.13,8901.9,10,33.41,49.26,0.8665,1
MCH-CNC-1012,CNC,64.13,3.054,22.28,57.44,8956.8,10,29.32,51.26,0.7944,1
MCH-CNC-1012,CNC,65.0,3.141,23.55,70.1,9009.9,10,33.79,61.24,0.8065,1
MCH-CNC-1012,CNC,180.0,3.179,23.13,68.55,9081.1,10,25.49,55.1,0.8829,1
MCH-CNC-1012,CNC,68.04,2.849,24.19,72.53,9121.5,10,34.52,41.6,0.7907,1
MCH-CNC-1012,CNC,66.65,3.642,22.39,65.54,9168.4,11,23.66,38.85,0.8022,1
MCH-CNC-1012,CNC,64.03,3.879,20.55,69.99,9211.3,11,29.74,59.29,0.7386,1
MCH-CNC-1012,CNC,70.99,3.305,23.06,66.7,9271.8,11,33.21,80.2,0.8322,1
MCH-CNC-1012,CNC,62.42,3.649,24.67,84.94,9336.9,11,30.95,71.75,0.8883,1
MCH-CNC-1012,CNC,73.26,3.781,21.28,69.47,9377.3,11,29.2,53.8,0.8613,1
MCH-CNC-1012,CNC,73.92,3.329,24.53,72.31,9423.8,11,24.57,42.08,0.8018,1
MCH-CNC-1012,CNC,71.03,3.575,22.23,55.01,9475.9,11,29.73,52.92,0.7856,1
MCH-CNC-1012,CNC,67.04,3.562,24.3,67.63,9527.7,11,23.25,54.3,0.7752,1
MCH-CNC-1012,CNC,70.41,3.693,23.24,63.39,9571.5,11,24.31,35.06,0.8034,1
MCH-CNC-1012,CNC,72.03,3.736,24.31,73.47,9618.5,11,25.06,51.1,0.8727,1
MCH-CNC-1012,CNC,78.53,4.056,24.25,81.93,9692.3,11,32.96,38.43,0.9484,1
MCH-CNC-1012,CNC,71.31,3.972,23.8,70.46,9760.4,11,26.15,67.59,0.78,1
MCH-CNC-1012,CNC,70.43,3.275,22.72,74.03,9812.2,11,29.34,51.24,0.8982,1
MCH-CNC-1012,CNC,76.13,3.846,24.78,68.11,9862.7,11,30.51,40.67,0.8157,1
MCH-CNC-1012,CNC,75.84,3.546,23.35,75.35,9905.9,11,26.65,61.54,0.8336,1
MCH-CNC-1012,CNC,77.35,3.947,28.3,77.04,9959.9,11,22.6,80.04,0.9025,1
MCH-CNC-1012,CNC,74.27,4.177,23.02,58.03,10015.8,12,27.83,71.55,0.8493,1
MCH-CNC-1012,CNC,78.62,4.419,24.96,82.18,10092.0,12,34.09,54.04,0.9189,1
MCH-CNC-1012,CNC,74.27,3.338,25.49,78.72,10161.7,12,28.58,59.14,0.8536,1
MCH-CNC-1012,CNC,68.21,4.599,24.65,68.26,10220.9,12,33.43,66.74,0.8662,1
MCH-CNC-1012,CNC,76.86,3.792,25.21,83.8,10266.3,12,25.29,43.02,0.8861,1
MCH-CNC-1012,CNC,75.22,4.372,23.4,53.29,10332.5,12,31.68,42.0,0.8495,1
MCH-CNC-1012,CNC,68.72,4.524,26.13,76.41,10410.0,12,29.21,30.28,0.9308,1
MCH-CNC-1012,CNC,74.27,4.031,25.33,76.15,10453.1,12,32.03,37.24,0.9344,1
MCH-CNC-1012,CNC,78.11,4.017,25.58,78.15,10527.0,12,28.04,63.09,0.8963,1
MCH-CNC-1012,CNC,75.4,3.982,26.37,75.47,10574.2,12,24.03,61.98,0.9303,1
MCH-CNC-1012,CNC,74.71,4.154,24.99,61.48,10642.3,12,36.02,49.61,0.8026,1
MCH-CNC-1012,CNC,73.66,4.295,25.22,86.66,10689.6,12,23.01,36.54,0.9887,1
MCH-CNC-1012,CNC,77.08,4.383,27.24,76.49,10753.6,12,27.81,38.13,0.8453,1
MCH-CNC-1012,CNC,75.65,4.164,26.94,61.25,10803.1,12,26.21,52.92,0.7418,1
MCH-CNC-1012,CNC,79.31,4.43,25.67,85.84,10864.8,13,26.72,72.03,0.9821,1
MCH-CNC-1012,CNC,78.42,4.525,27.15,72.77,10928.8,13,28.38,73.37,0.8542,1
MCH-CNC-1012,CNC,81.99,4.203,25.16,78.12,10993.6,13,31.08,48.77,0.9063,1
MCH-CNC-1012,CNC,83.36,4.85,28.65,73.09,11060.9,13,25.92,66.39,0.8384,1
MCH-CNC-1012,CNC,77.28,4.5,25.83,72.78,11103.6,13,31.5,36.88,0.9754,1
MCH-CNC-1012,CNC,77.76,4.659,27.11,75.35,11171.8,13,26.85,49.67,0.9559,1
MCH-CNC-1012,CNC,84.2,4.769,27.28,72.2,11218.0,13,26.37,47.31,0.932,1
MCH-CNC-1012,CNC,78.34,4.126,27.69,75.36,11285.0,13,25.66,65.94,0.8931,1
MCH-CNC-1012,CNC,85.68,5.155,26.79,74.24,11330.0,13,30.02,61.37,0.9268,1
MCH-CNC-1012,CNC,76.46,5.512,29.3,79.34,11389.2,13,28.7,62.46,0.9042,1
MCH-CNC-1012,CNC,75.41,4.811,27.32,77.04,11444.6,13,31.08,33.52,0.9436,1
MCH-CNC-1012,CNC,79.98,5.002,29.38,91.63,11523.3,13,26.85,64.97,0.9094,1
MCH-CNC-1012,CNC,84.0,4.987,27.67,70.3,11588.6,13,23.47,59.16,0.9292,1
MCH-CNC-1012,CNC,81.49,5.233,28.1,71.76,11632.1,13,26.93,64.85,0.8567,1
MCH-CNC-1012,CNC,83.72,5.056,27.39,76.96,11700.1,14,21.71,56.32,0.8785,1
MCH-CNC-1012,CNC,86.66,5.084,27.81,88.84,11747.9,14,23.87,46.03,0.9025,1
MCH-CNC-1012,CNC,180.0,5.712,26.29,73.27,11799.3,14,28.28,48.81,0.885,1
MCH-CNC-1012,CNC,83.8,5.311,27.49,81.59,11854.5,14,23.54,50.06,0.8959,1
MCH-CNC-1012,CNC,83.3,5.056,30.48,79.81,11925.5,14,28.49,54.73,0.925,1
MCH-CNC-1012,CNC,78.88,5.171,29.62,78.65,12003.3,14,24.54,52.12,0.8805,1
MCH-CNC-1012,CNC,87.56,5.522,28.5,80.38,12080.3,14,29.1,60.1,0.9444,1
MCH-CNC-1012,CNC,85.49,5.695,27.73,75.92,12127.1,14,19.46,56.82,0.9505,1
MCH-CNC-1012,CNC,78.27,5.44,30.51,85.64,12169.5,14,23.22,64.28,0.9309,1
MCH-CNC-1012,CNC,88.06,5.384,30.3,90.38,12242.7,14,27.18,58.41,1.0135,1
MCH-CNC-1012,CNC,86.24,5.123,30.88,93.23,12294.2,14,33.16,63.58,0.9858,1
MCH-PUM-1013,Pump,55.74,2.633,11.91,60.1,1358.5,1,36.74,38.03,0.3284,0
MCH-PUM-1013,Pump,42.46,1.96,15.06,65.25,1418.6,1,26.49,45.23,0.0508,0
MCH-PUM-1013,Pump,52.08,2.387,12.17,65.21,1473.6,1,30.32,52.59,0.0102,0
MCH-PUM-1013,Pump,50.11,2.217,14.07,70.15,1517.5,1,32.14,64.49,0.0237,0
MCH-PUM-1013,Pump,51.91,2.686,13.15,61.75,1565.4,1,30.72,71.52,0.1094,0
MCH-PUM-1013,Pump,54.92,2.966,14.24,63.31,1625.1,1,29.56,47.31,0.2672,0
MCH-PUM-1013,Pump,45.57,1.803,16.8,65.44,1682.7,2,28.81,54.63,0.0466,0
MCH-PUM-1013,Pump,49.08,2.536,13.76,59.73,1754.6,2,29.92,57.26,0.0634,0
MCH-PUM-1013,Pump,52.12,2.432,13.8,75.38,1807.1,2,24.22,32.52,0.0473,0
MCH-PUM-1013,Pump,48.11,2.069,15.06,63.99,1884.7,2,22.95,78.22,0.1038,0
MCH-PUM-1013,Pump,49.74,1.744,14.32,60.51,1936.0,2,31.28,54.79,0.1166,0
MCH-PUM-1013,Pump,48.71,1.858,14.29,63.23,1989.3,2,20.72,42.34,0.0,0
MCH-PUM-1013,Pump,54.67,2.783,13.58,68.3,2067.2,2,19.84,48.22,0.2639,0
MCH-PUM-1013,Pump,50.5,2.284,13.95,67.37,2140.8,2,27.96,65.33,0.0241,0
MCH-PUM-1013,Pump,53.51,2.704,16.06,70.79,2193.5,2,34.96,46.94,0.3443,0
MCH-PUM-1013,Pump,49.58,2.41,15.75,57.09,2249.3,2,27.68,59.86,0.0406,0
MCH-PUM-1013,Pump,49.49,2.643,15.29,75.75,2323.0,2,28.13,45.21,0.1522,0
MCH-PUM-1013,Pump,46.77,3.216,15.61,75.43,2366.5,2,30.74,29.65,0.3841,0
MCH-PUM-1013,Pump,50.92,2.23,13.62,69.29,2418.3,2,27.32,40.37,0.0556,0
MCH-PUM-1013,Pump,51.54,2.4,14.85,65.67,2479.5,2,33.33,56.81,0.0467,0
MCH-PUM-1013,Pump,44.38,2.684,13.52,58.99,2552.7,3,32.63,65.67,0.1282,0
MCH-PUM-1013,Pump,180.0,2.738,13.13,59.15,2615.3,3,21.64,50.95,0.3047,1
MCH-PUM-1013,Pump,50.81,2.076,14.29,63.22,2674.9,3,24.26,35.93,0.0506,0
MCH-PUM-1013,Pump,51.34,2.723,13.13,66.2,2753.3,3,22.5,43.16,0.1435,0
MCH-PUM-1013,Pump,50.79,1.848,12.73,62.44,2798.0,3,31.83,45.24,0.0487,0
MCH-PUM-1013,Pump,50.74,2.4,14.32,55.59,2869.2,3,25.38,72.21,0.1583,0
MCH-PUM-1013,Pump,52.53,2.94,11.81,58.36,2914.3,3,26.76,83.99,0.259,0
MCH-PUM-1013,Pump,52.23,2.651,14.43,64.84,2983.6,3,23.2,22.59,0.1336,0
MCH-PUM-1013,Pump,48.15,1.753,14.53,67.93,3045.3,3,31.07,68.39,0.0874,0
MCH-PUM-1013,Pump,47.38,2.373,14.99,50.28,3095.9,3,28.51,66.19,0.0707,0
MCH-PUM-1013,Pump,52.13,2.925,10.7,76.29,3157.6,3,29.32,71.02,0.2655,0
MCH-PUM-1013,Pump,44.74,3.215,12.89,62.82,3232.8,3,30.11,64.27,0.2341,0
MCH-PUM-1013,Pump,50.67,2.078,14.85,70.06,3291.7,3,20.74,72.02,0.0863,0
MCH-PUM-1013,Pump,53.1,2.246,14.85,68.57,3332.0,3,27.85,60.41,0.1744,0
MCH-PUM-1013,Pump,52.14,3.374,12.39,42.68,3374.2,4,26.34,49.19,0.3058,0
MCH-PUM-1013,Pump,47.22,2.849,12.34,68.16,3439.5,4,30.55,58.8,0.0586,0
MCH-PUM-1013,Pump,52.85,2.521,13.58,68.4,3506.6,4,30.4,65.68,0.1806,0
MCH-PUM-1013,Pump,49.45,2.074,14.67,70.09,3562.7,4,26.9,46.25,0.0439,0
MCH-PUM-1013,Pump,49.6,3.071,16.13,72.0,3612.4,4,28.93,76.91,0.3226,0
MCH-PUM-1013,Pump,48.56,2.23,13.16,64.96,3681.1,4,29.85,38.02,0.0,0
MCH-PUM-1013,Pump,50.64,2.757,13.97,66.71,3733.2,4,23.05,44.06,0.0847,0
MCH-PUM-1013,Pump,51.53,2.593,12.98,63.34,3776.2,4,34.05,61.53,0.0644,0
MCH-PUM-1013,Pump,46.92,2.215,14.01,66.93,3832.6,4,30.26,59.66,0.0692,0
MCH-PUM-1013,Pump,48.47,3.319,13.33,55.96,3894.1,4,21.45,50.76,0.2933,0
MCH-PUM-1013,Pump,48.27,3.091,13.99,72.77,3972.8,4,24.97,46.09,0.2194,0
MCH-PUM-1013,Pump,51.45,2.428,14.35,69.12,4036.5,4,22.32,50.91,0.0729,0
MCH-PUM-1013,Pump,48.59,2.663,13.39,50.96,4084.8,4,27.05,42.23,0.0,0
MCH-PUM-1013,Pump,52.42,1.63,13.07,67.47,4158.1,4,22.36,64.39,0.1386,0
MCH-PUM-1013,Pump,49.51,2.19,11.23,70.7,4209.7,5,36.01,76.55,0.0468,0
MCH-PUM-1013,Pump,46.72,2.835,13.85,68.35,4288.1,5,29.21,56.12,0.0848,0
MCH-PUM-1013,Pump,53.2,2.291,12.89,47.51,4341.1,5,26.62,41.88,0.1159,0
MCH-PUM-1013,Pump,48.99,2.409,14.97,67.78,4417.5,5,27.53,75.24,0.0697,0
MCH-PUM-1013,Pump,48.75,2.351,14.95,66.42,4492.7,5,23.52,65.74,0.01,0
MCH-PUM-1013,Pump,53.54,3.117,16.48,77.11,4567.2,5,29.36,52.5,0.417,0
MCH-PUM-1013,Pump,50.03,2.708,14.05,51.78,4608.8,5,26.85,62.74,0.096,0
MCH-PUM-1013,Pump,50.5,2.673,15.34,76.99,4682.8,5,26.49,57.21,0.1726,0
MCH-PUM-1013,Pump,51.95,2.715,15.71,48.68,4751.6,5,29.67,60.85,0.242,0
MCH-PUM-1013,Pump,43.21,2.476,13.15,76.75,4805.0,5,29.5,45.45,0.0824,0
MCH-PUM-1013,Pump,51.77,2.778,13.74,69.23,4864.6,5,26.61,67.81,0.22,0
MCH-PUM-1013,Pump,45.08,1.942,16.44,71.53,4930.2,5,22.95,36.16,0.1235,0
MCH-PUM-1013,Pump,46.57,2.373,13.94,64.37,5008.0,6,32.51,77.02,0.0503,0
MCH-PUM-1013,Pump,46.61,2.656,15.96,62.18,5079.2,6,31.4,44.95,0.1831,0
MCH-PUM-1013,Pump,46.51,2.504,13.86,69.26,5136.3,6,35.11,50.33,0.0321,0
MCH-PUM-1013,Pump,49.39,2.62,14.24,63.9,5202.1,6,33.95,56.63,0.1237,0
MCH-PUM-1013,Pump,47.67,1.801,14.4,66.72,5249.6,6,23.76,54.47,0.0,0
MCH-PUM-1013,Pump,48.13,2.183,14.49,63.42,5306.5,6,25.64,44.66,0.007,0
MCH-PUM-1013,Pump,52.77,2.583,13.72,67.16,5378.2,6,33.46,60.88,0.0876,0
MCH-PUM-1013,Pump,51.92,2.437,14.22,61.58,5442.4,6,21.8,59.11,0.0614,0
MCH-PUM-1013,Pump,49.14,2.914,13.13,52.6,5513.8,6,25.21,36.51,0.1304,0
MCH-PUM-1013,Pump,47.74,2.894,15.16,58.53,5574.1,6,24.77,61.41,0.2195,0
MCH-PUM-1013,Pump,43.96,18.0,11.36,61.16,5629.4,6,32.37,91.12,0.3844,1
MCH-PUM-1013,Pump,46.26,2.295,14.08,60.31,5699.1,6,24.3,49.88,0.0,0
MCH-PUM-1013,Pump,49.49,2.147,13.2,62.1,5742.8,6,24.0,46.51,0.0,0
MCH-PUM-1013,Pump,49.31,1.799,15.23,67.92,5822.0,6,22.47,50.62,0.0404,0
MCH-PUM-1013,Pump,52.03,2.351,13.91,63.68,5899.9,7,22.08,71.86,0.1056,0
MCH-PUM-1013,Pump,47.76,2.577,15.17,65.39,5975.1,7,34.23,90.01,0.1669,0
MCH-PUM-1013,Pump,48.25,2.104,11.34,73.74,6050.5,7,26.59,65.5,0.0519,0
MCH-PUM-1013,Pump,46.76,2.128,16.09,64.51,6110.9,7,25.36,42.46,0.1627,0
MCH-PUM-1013,Pump,54.52,2.774,14.22,76.12,6170.8,7,33.58,59.01,0.2808,0
MCH-PUM-1013,Pump,49.26,2.939,13.53,71.32,6243.6,7,27.01,60.54,0.1638,0
MCH-PUM-1013,Pump,52.86,2.691,13.07,66.32,6295.0,7,23.97,65.64,0.1651,0
MCH-PUM-1013,Pump,49.46,3.165,15.83,66.05,6369.0,7,30.26,47.94,0.3639,0
MCH-PUM-1013,Pump,46.77,2.309,13.87,53.38,6417.0,7,30.31,67.27,0.0404,0
MCH-PUM-1013,Pump,41.91,2.399,12.33,60.73,6492.2,7,33.81,25.79,0.0,0
MCH-PUM-1013,Pump,52.49,2.219,13.07,79.23,6553.8,7,29.51,66.21,0.2162,0
MCH-PUM-1013,Pump,50.49,3.006,16.29,53.22,6627.5,7,27.86,54.48,0.3574,0
MCH-PUM-1013,Pump,52.94,2.603,16.31,72.7,6687.3,8,33.46,40.61,0.287,0
MCH-PUM-1013,Pump,47.83,3.029,12.84,58.43,6751.6,8,23.51,88.04,0.156,0
MCH-PUM-1013,Pump,49.42,2.712,12.63,71.71,6828.7,8,20.91,43.25,0.1505,0
MCH-PUM-1013,Pump,50.66,2.183,15.83,68.52,6885.4,8,25.24,66.97,0.2279,0
MCH-PUM-1013,Pump,48.23,2.858,11.06,70.14,6934.2,8,25.15,46.42,0.1841,0
MCH-PUM-1013,Pump,48.41,2.882,14.34,67.68,6977.8,8,27.0,51.37,0.0956,0
MCH-PUM-1013,Pump,52.79,2.3,12.74,60.91,7041.4,8,31.93,69.14,0.1593,0
MCH-PUM-1013,Pump,45.15,2.802,15.56,66.21,7105.9,8,35.92,39.15,0.2215,0
MCH-PUM-1013,Pump,46.94,2.923,14.74,77.61,7170.7,8,30.0,50.15,0.2047,0
MCH-PUM-1013,Pump,49.25,2.296,15.62,73.93,7212.2,8,22.01,55.46,0.1916,0
MCH-PUM-1013,Pump,47.66,2.675,15.75,71.24,7253.3,8,33.39,46.38,0.2135,0
MCH-PUM-1013,Pump,47.7,2.596,14.4,71.72,7329.1,8,33.25,63.27,0.1729,0
MCH-PUM-1013,Pump,45.94,2.708,15.8,64.83,7396.9,8,21.89,80.02,0.1363,0
MCH-PUM-1013,Pump,50.51,2.033,14.02,69.81,7441.5,8,30.01,46.84,0.0867,0
MCH-PUM-1013,Pump,48.15,3.166,15.07,150.0,7484.5,8,23.33,58.33,0.3285,1
MCH-PUM-1013,Pump,46.59,2.095,14.2,63.13,7530.9,9,37.99,62.13,0.0741,0
MCH-PUM-1013,Pump,45.39,2.659,13.52,74.32,7603.2,9,29.13,31.21,0.178,0
MCH-PUM-1013,Pump,47.97,2.677,12.74,66.07,7672.1,9,22.66,55.07,0.0251,0
MCH-PUM-1013,Pump,54.38,2.598,13.02,75.45,7737.7,9,27.27,64.28,0.1913,0
MCH-PUM-1013,Pump,50.27,2.179,14.39,70.63,7803.3,9,26.02,48.39,0.1181,0
MCH-PUM-1013,Pump,47.52,1.893,14.42,64.25,7877.7,9,27.48,61.25,0.0491,0
MCH-PUM-1013,Pump,49.52,2.051,13.23,69.09,7931.0,9,28.55,48.4,0.0955,0
MCH-PUM-1013,Pump,51.85,2.411,14.9,71.16,7983.9,9,26.75,66.4,0.1289,0
MCH-PUM-1013,Pump,50.8,1.625,12.83,58.58,8040.9,9,26.73,56.37,0.0558,0
MCH-PUM-1013,Pump,50.86,2.226,14.83,77.67,8120.5,9,26.59,47.04,0.1799,0
MCH-PUM-1013,Pump,50.26,2.29,11.92,54.8,8182.7,9,32.08,70.38,0.0639,0
MCH-PUM-1013,Pump,50.68,2.104,13.47,54.56,8244.6,9,21.88,58.06,0.0,0
MCH-PUM-1013,Pump,55.88,2.467,12.37,64.15,8317.0,9,26.87,49.11,0.3249,0
MCH-PUM-1013,Pump,46.36,2.552,14.78,74.94,8364.1,10,29.24,67.52,0.1446,0
MCH-PUM-1013,Pump,49.09,3.039,12.35,62.18,8420.3,10,32.51,52.47,0.1398,0
MCH-PUM-1013,Pump,6000.0,2.547,15.3,71.47,8485.9,10,28.05,68.11,0.4316,1
MCH-PUM-1013,Pump,52.58,2.089,16.09,66.54,8565.5,10,17.01,74.91,0.2387,0
MCH-PUM-1013,Pump,48.81,2.258,14.53,58.78,8611.6,10,25.69,48.37,0.0935,0
MCH-PUM-1013,Pump,48.45,2.841,14.33,67.75,8669.7,10,30.44,53.88,0.1979,0
MCH-PUM-1013,Pump,55.42,2.871,15.94,72.24,8745.9,10,26.16,26.82,0.4165,0
MCH-PUM-1013,Pump,51.91,2.459,13.5,47.53,8815.0,10,27.95,42.02,0.0214,0
MCH-PUM-1013,Pump,52.55,2.088,12.88,66.3,8879.5,10,31.49,50.17,0.1438,0
MCH-PUM-1013,Pump,46.16,1.918,12.15,53.43,8929.8,10,29.35,43.27,0.0,0
MCH-PUM-1013,Pump,51.14,2.83,15.26,71.13,8977.3,10,24.33,58.31,0.296,0
MCH-PUM-1013,Pump,48.58,2.566,12.5,60.61,9032.3,10,29.49,73.09,0.0348,0
MCH-PUM-1013,Pump,51.98,2.532,13.91,54.87,9082.5,10,24.66,45.37,0.1279,0
MCH-PUM-1013,Pump,52.83,2.795,15.42,65.51,9154.8,10,24.07,54.4,0.243,0
MCH-PUM-1013,Pump,51.97,2.356,13.88,69.86,9223.6,11,25.04,66.57,0.1035,0
MCH-PUM-1013,Pump,50.92,2.464,14.99,55.38,9297.0,11,21.88,64.0,0.0781,0
MCH-PUM-1013,Pump,49.73,2.236,15.1,67.09,9343.9,11,28.96,40.96,0.1226,0
MCH-PUM-1013,Pump,47.02,2.237,12.36,63.9,9396.3,11,32.26,57.72,0.0202,0
MCH-PUM-1013,Pump,50.33,2.541,14.08,66.24,9467.0,11,23.84,56.28,0.0959,0
MCH-PUM-1013,Pump,51.73,2.059,15.41,47.88,9513.6,11,34.7,35.33,0.1427,0
MCH-PUM-1013,Pump,50.9,2.747,13.66,71.25,9559.4,11,24.81,50.2,0.1519,0
MCH-PUM-1013,Pump,48.38,1.726,13.97,64.19,9614.7,11,32.31,39.57,0.0458,0
MCH-PUM-1013,Pump,53.61,2.617,14.66,68.17,9662.2,11,29.83,76.85,0.2466,0
MCH-PUM-1013,Pump,46.97,2.756,13.32,64.23,9705.3,11,29.48,45.14,0.0732,0
MCH-PUM-1013,Pump,51.43,2.281,15.17,58.1,9757.8,11,24.04,77.87,0.1715,0
MCH-PUM-1013,Pump,49.92,18.0,13.97,74.43,9832.9,11,30.61,54.91,0.415,1
MCH-PUM-1013,Pump,49.04,2.593,14.28,82.26,9875.1,11,29.12,62.56,0.1843,0
MCH-PUM-1013,Pump,51.62,2.466,13.9,62.55,9937.8,11,29.78,52.96,0.089,0
MCH-PUM-1013,Pump,46.97,2.559,15.86,63.43,10000.3,12,35.37,56.96,0.1774,0
MCH-PUM-1013,Pump,50.35,2.375,11.62,71.16,10061.5,12,36.77,60.77,0.0841,0
MCH-PUM-1013,Pump,49.45,2.963,13.95,66.87,10121.7,12,21.74,48.65,0.1439,0
MCH-PUM-1013,Pump,52.72,2.874,12.1,54.66,10162.4,12,30.34,46.04,0.2491,0
MCH-PUM-1013,Pump,45.11,2.461,13.96,68.36,10204.3,12,23.88,31.4,0.032,0
MCH-PUM-1013,Pump,51.58,2.903,13.57,70.43,10264.8,12,29.94,70.87,0.2971,0
MCH-PUM-1013,Pump,44.81,2.473,14.11,68.63,10343.5,12,21.87,51.26,0.0611,0
MCH-PUM-1013,Pump,49.69,2.378,16.29,57.51,10399.8,12,32.93,67.25,0.1024,0
MCH-PUM-1013,Pump,49.9,2.485,14.22,60.84,10458.7,12,26.29,50.74,0.023,0
MCH-PUM-1013,Pump,49.07,1.604,14.12,61.31,10538.0,12,20.53,50.8,0.0022,0
MCH-PUM-1013,Pump,53.83,2.284,14.8,74.68,10609.2,12,25.49,54.43,0.2809,0
MCH-PUM-1013,Pump,50.69,2.649,13.51,69.81,10680.0,12,27.84,33.01,0.1549,0
MCH-PUM-1013,Pump,46.45,2.545,12.9,68.35,10740.2,12,28.18,40.02,0.0643,0
MCH-PUM-1013,Pump,51.86,2.959,12.92,57.32,10816.1,12,35.8,54.88,0.2569,0
MCH-PUM-1013,Pump,47.78,2.586,16.06,66.78,10879.3,13,32.26,55.35,0.1698,0
MCH-PUM-1013,Pump,47.95,2.053,14.26,73.57,10945.6,13,28.64,51.31,0.1267,0
MCH-PUM-1013,Pump,51.07,2.005,12.64,71.3,11017.1,13,26.89,51.43,0.1226,0
MCH-PUM-1013,Pump,52.18,2.566,13.11,60.05,11073.4,13,27.22,58.63,0.1553,0
MCH-PUM-1013,Pump,49.63,2.519,13.96,59.54,11151.5,13,32.43,49.21,0.0478,0
MCH-PUM-1013,Pump,43.82,2.414,12.68,58.15,11231.0,13,37.69,57.99,0.0399,0
MCH-PUM-1013,Pump,52.57,2.893,13.76,76.24,11294.5,13,31.39,55.5,0.3197,0
MCH-PUM-1013,Pump,49.59,2.521,13.95,67.67,11343.4,13,34.96,40.54,0.1378,0
MCH-PUM-1013,Pump,48.9,3.008,13.6,67.89,11414.4,13,27.36,34.23,0.2419,0
MCH-PUM-1013,Pump,47.17,2.534,12.74,55.64,11467.3,13,27.18,47.88,0.113,0
MCH-PUM-1013,Pump,49.89,1.907,14.15,64.11,11530.3,13,18.08,48.72,0.0535,0
MCH-PUM-1013,Pump,46.81,2.705,14.52,57.88,11573.8,13,27.95,64.9,0.0884,0
MCH-PUM-1013,Pump,49.38,2.96,12.97,68.21,11646.1,13,23.68,53.07,0.1511,0
MCH-PUM-1013,Pump,42.79,2.286,14.52,66.58,11724.5,14,25.91,41.75,0.1269,0
MCH-PUM-1013,Pump,49.03,2.718,14.46,61.87,11768.2,14,32.29,47.87,0.0596,0
MCH-PUM-1013,Pump,53.96,2.92,13.78,82.83,11837.5,14,28.61,57.89,0.4319,0
MCH-PUM-1013,Pump,46.61,3.018,13.31,71.44,11911.9,14,32.64,62.24,0.2032,0
MCH-PUM-1013,Pump,48.98,1.429,13.86,70.62,11956.3,14,27.05,47.92,0.1455,0
MCH-PUM-1013,Pump,53.65,2.478,16.23,61.0,12006.2,14,28.87,49.8,0.254,0
MCH-PUM-1013,Pump,50.54,3.351,13.5,75.69,12061.9,14,28.47,65.04,0.3867,0
MCH-PUM-1013,Pump,51.05,2.072,14.31,54.37,12135.3,14,27.62,68.15,0.1916,0
MCH-PUM-1013,Pump,46.3,1.741,14.6,76.07,12195.1,14,24.14,80.17,0.1228,0
MCH-PUM-1013,Pump,44.12,1.876,14.92,65.91,12240.6,14,33.93,40.62,0.089,0
MCH-PUM-1013,Pump,50.02,2.443,13.54,62.46,12290.8,14,28.7,58.63,0.0196,0
MCH-PUM-1013,Pump,53.62,2.019,11.83,72.12,12349.5,14,24.23,50.45,0.1497,0
MCH-PUM-1013,Pump,48.1,1.917,13.32,69.55,12391.1,14,27.98,61.05,0.0552,0
MCH-PUM-1013,Pump,52.71,2.297,11.47,67.22,12456.3,14,31.07,48.29,0.124,0
MCH-PUM-1013,Pump,47.45,2.768,16.09,65.26,12497.3,14,27.09,53.73,0.1638,0
MCH-PUM-1013,Pump,51.21,3.358,14.34,60.42,12568.6,15,25.67,55.74,0.3318,0
MCH-PUM-1013,Pump,48.58,2.319,14.29,78.59,12637.9,15,28.22,31.93,0.1404,0
MCH-PUM-1013,Pump,50.79,2.537,15.95,71.72,12712.5,15,31.72,52.39,0.1717,0
MCH-PUM-1013,Pump,47.31,2.887,13.66,54.86,12758.8,15,30.37,71.77,0.163,0
MCH-PUM-1013,Pump,54.69,1.838,12.56,63.97,12822.9,15,26.52,46.99,0.2471,0
MCH-PUM-1013,Pump,48.41,2.356,14.33,60.33,12894.2,15,27.58,47.25,0.003,0
MCH-PUM-1013,Pump,52.29,3.183,15.28,67.32,12954.8,15,25.43,51.56,0.4553,0
MCH-PUM-1013,Pump,43.16,2.355,14.88,57.03,13000.0,15,29.69,59.52,0.0644,0
MCH-PUM-1013,Pump,50.26,2.253,14.5,69.69,13044.0,15,29.6,55.87,0.1108,0
MCH-PUM-1013,Pump,46.47,2.488,13.04,72.22,13108.2,15,30.73,63.16,0.1428,0
MCH-PUM-1013,Pump,49.01,2.28,13.58,53.78,13168.1,15,21.91,62.45,0.1136,0
MCH-PUM-1013,Pump,46.78,2.459,13.51,71.2,13245.3,15,28.24,45.42,0.0953,0
MCH-PUM-1013,Pump,52.19,1.936,14.3,59.99,13318.7,15,25.03,77.43,0.1128,0
MCH-PUM-1013,Pump,49.35,2.534,15.05,60.09,13387.6,16,25.88,62.88,0.0762,0
MCH-PUM-1013,Pump,52.97,1.858,13.71,53.81,13466.9,16,23.77,70.57,0.1252,0
MCH-PUM-1013,Pump,53.45,1.92,12.74,67.38,13534.7,16,30.86,45.41,0.2488,0
MCH-MOT-1014,Motor,58.64,1.476,21.06,70.71,2041.9,2,29.62,69.45,0.0078,0
MCH-MOT-1014,Motor,58.1,1.497,22.59,69.3,2086.0,2,27.66,58.15,0.0377,0
MCH-MOT-1014,Motor,61.08,1.749,20.4,66.32,2146.3,2,31.39,49.92,0.0,0
MCH-MOT-1014,Motor,64.64,1.517,22.07,72.95,2211.5,2,28.01,25.26,0.088,0
MCH-MOT-1014,Motor,65.31,2.036,17.75,82.76,2269.5,2,22.7,42.06,0.2929,0
MCH-MOT-1014,Motor,61.81,1.824,20.86,77.99,2323.0,2,27.84,36.21,0.0908,0
MCH-MOT-1014,Motor,60.88,2.135,23.15,84.35,2375.5,2,26.76,55.19,0.2558,0
MCH-MOT-1014,Motor,66.81,2.016,21.39,74.82,2419.9,2,16.21,54.13,0.2166,0
MCH-MOT-1014,Motor,59.44,1.537,23.81,66.97,2464.5,2,28.8,54.55,0.056,0
MCH-MOT-1014,Motor,65.72,1.859,23.68,70.87,2524.3,3,25.98,53.3,0.2762,0
MCH-MOT-1014,Motor,62.27,1.832,20.41,150.0,2569.9,3,21.9,52.78,0.1399,1
MCH-MOT-1014,Motor,67.23,2.205,19.93,71.21,2618.8,3,28.88,52.23,0.3757,0
MCH-MOT-1014,Motor,58.58,2.362,21.17,72.05,2665.4,3,17.88,64.88,0.0999,0
MCH-MOT-1014,Motor,55.79,1.646,22.9,70.12,2737.5,3,29.87,51.55,0.0068,0
MCH-MOT-1014,Motor,57.32,2.607,24.48,74.99,2795.5,3,23.84,65.92,0.3382,0
MCH-MOT-1014,Motor,51.52,1.379,22.72,69.2,2857.6,3,25.93,67.95,0.0858,0
MCH-MOT-1014,Motor,58.18,1.606,23.02,59.68,2920.9,3,26.01,34.33,0.0726,0
MCH-MOT-1014,Motor,62.89,2.022,20.54,73.2,2976.8,3,27.26,71.33,0.1472,0
MCH-MOT-1014,Motor,48.11,2.068,21.08,68.35,3028.7,3,29.34,37.9,0.1268,0
MCH-MOT-1014,Motor,62.14,1.909,20.8,75.95,3084.0,3,24.01,47.49,0.183,0
MCH-MOT-1014,Motor,61.18,1.703,24.46,71.77,3145.4,3,28.3,58.12,0.1707,0
MCH-MOT-1014,Motor,60.96,1.257,24.18,70.72,3199.7,3,30.74,50.13,0.0864,0
MCH-MOT-1014,Motor,50.88,1.517,23.03,77.79,3245.2,3,29.21,42.37,0.0,0
MCH-MOT-1014,Motor,65.44,1.407,26.2,81.26,3321.7,3,36.54,59.57,0.3011,0
MCH-MOT-1014,Motor,61.43,2.073,20.7,63.39,3391.0,4,26.86,45.73,0.179,0
MCH-MOT-1014,Motor,57.53,1.829,23.97,77.68,3433.7,4,28.83,59.61,0.2068,0
MCH-MOT-1014,Motor,64.09,2.179,18.26,80.58,3509.9,4,25.2,62.14,0.3115,0
MCH-MOT-1014,Motor,59.76,1.738,20.01,73.14,3556.7,4,26.86,39.29,0.0056,0
MCH-MOT-1014,Motor,54.83,1.643,22.97,65.73,3600.6,4,31.9,53.57,0.1442,0
MCH-MOT-1014,Motor,60.07,2.219,19.26,79.94,3647.6,4,31.84,54.74,0.2537,0
MCH-MOT-1014,Motor,58.71,1.886,20.92,75.8,3724.9,4,25.17,54.38,0.0286,0
MCH-MOT-1014,Motor,64.19,1.554,23.51,64.11,3773.7,4,19.4,46.02,0.1465,0
MCH-MOT-1014,Motor,59.95,1.64,22.11,70.13,3845.2,4,30.49,35.66,0.0633,0
MCH-MOT-1014,Motor,60.5,1.39,19.24,67.81,3910.9,4,28.03,55.14,0.0227,0
MCH-MOT-1014,Motor,57.61,1.681,22.6,77.47,3971.7,4,19.12,62.48,0.1073,0
MCH-MOT-1014,Motor,62.1,2.156,20.49,75.67,4026.3,4,22.98,56.53,0.1657,0
MCH-MOT-1014,Motor,60.19,1.503,22.87,79.52,4070.0,4,24.11,57.28,0.0387,0
MCH-MOT-1014,Motor,58.81,2.208,21.14,69.3,4138.4,4,24.03,56.52,0.1401,0
MCH-MOT-1014,Motor,62.54,1.609,20.64,72.77,4194.2,5,33.59,62.55,0.0962,0
MCH-MOT-1014,Motor,62.22,1.956,23.36,78.93,4255.6,5,32.95,41.98,0.2372,0
MCH-MOT-1014,Motor,61.06,1.742,18.45,60.76,4297.7,5,26.54,37.42,0.0652,0
MCH-MOT-1014,Motor,62.86,1.626,22.17,63.58,4368.7,5,29.2,61.1,0.1916,0
MCH-MOT-1014,Motor,56.99,1.42,23.02,70.98,4436.4,5,27.8,53.46,0.0186,0
MCH-MOT-1014,Motor,61.37,1.651,20.73,69.65,4497.6,5,27.24,79.73,0.0489,0
MCH-MOT-1014,Motor,61.16,1.94,24.8,65.13,4557.5,5,33.36,53.23,0.1555,0
MCH-MOT-1014,Motor,61.45,1.431,21.61,78.02,4610.9,5,28.33,54.28,0.1385,0
MCH-MOT-1014,Motor,58.62,1.737,20.11,80.37,4664.6,5,23.11,57.03,0.1204,0
MCH-MOT-1014,Motor,59.95,1.424,20.0,73.14,4707.4,5,24.88,30.14,0.016,0
MCH-MOT-1014,Motor,56.51,1.989,21.6,68.5,4774.8,5,28.21,41.34,0.1713,0
MCH-MOT-1014,Motor,58.96,1.457,23.43,68.16,4816.6,5,22.2,48.29,0.0266,0
MCH-MOT-1014,Motor,58.22,1.92,23.15,84.41,4856.7,5,32.6,35.36,0.2258,0
MCH-MOT-1014,Motor,58.93,1.973,20.13,66.81,4897.9,5,23.02,47.77,0.1407,0
MCH-MOT-1014,Motor,58.75,1.444,23.96,72.83,4946.1,5,22.2,55.31,0.031,0
MCH-MOT-1014,Motor,65.37,2.284,21.89,64.88,5008.9,6,25.34,49.56,0.3488,0
MCH-MOT-1014,Motor,65.48,2.087,23.94,71.02,5076.1,6,23.39,45.76,0.2025,0
MCH-MOT-1014,Motor,55.2,1.891,23.61,73.27,5133.0,6,30.02,32.6,0.1515,0
MCH-MOT-1014,Motor,53.73,1.754,23.24,72.15,5189.3,6,22.89,41.82,0.0191,0
MCH-MOT-1014,Motor,62.04,1.468,120.0,60.91,5252.4,6,30.5,44.39,0.2549,1
MCH-MOT-1014,Motor,64.64,1.873,20.8,72.16,5316.2,6,36.57,63.88,0.223,0
MCH-MOT-1014,Motor,180.0,1.615,23.36,64.69,5390.0,6,28.01,72.25,0.3895,1
MCH-MOT-1014,Motor,55.68,2.453,25.52,73.01,5462.8,6,33.1,51.8,0.4248,0
MCH-MOT-1014,Motor,58.31,1.393,27.18,61.56,5535.8,6,29.19,58.43,0.1646,0
MCH-MOT-1014,Motor,59.64,1.776,22.28,72.88,5609.5,6,27.99,54.18,0.0279,0
MCH-MOT-1014,Motor,68.05,1.961,22.42,66.25,5684.7,6,23.99,65.32,0.2825,0
MCH-MOT-1014,Motor,62.48,1.394,25.09,75.41,5746.9,6,27.68,60.61,0.1489,0
MCH-MOT-1014,Motor,54.65,2.303,22.97,65.78,5810.7,6,23.61,66.85,0.2343,0
MCH-MOT-1014,Motor,61.93,1.808,19.99,73.05,5879.8,7,27.21,54.74,0.074,0
MCH-MOT-1014,Motor,63.48,2.078,27.44,72.31,5927.8,7,28.48,46.85,0.3345,0
MCH-MOT-1014,Motor,51.81,2.037,19.47,75.42,5982.2,7,27.83,56.54,0.0718,0
MCH-MOT-1014,Motor,65.54,2.163,21.94,64.61,6058.7,7,31.7,43.31,0.2458,0
MCH-MOT-1014,Motor,61.99,2.166,21.19,72.43,6119.6,7,26.34,63.66,0.0984,0
MCH-MOT-1014,Motor,58.95,1.492,19.09,75.55,6161.7,7,23.45,59.46,0.0426,0
MCH-MOT-1014,Motor,57.99,1.75,24.0,65.15,6217.9,7,24.36,52.19,0.0895,0
MCH-MOT-1014,Motor,66.44,1.77,20.58,76.38,6264.3,7,21.32,57.97,0.102,0
MCH-MOT-1014,Motor,65.18,2.219,20.11,71.01,6318.6,7,25.72,51.48,0.3164,0
MCH-MOT-1014,Motor,58.66,1.858,23.91,79.09,6380.4,7,29.15,56.41,0.1444,0
MCH-MOT-1014,Motor,66.34,1.949,22.27,70.51,6440.6,7,29.44,64.26,0.1985,0
MCH-MOT-1014,Motor,66.44,1.873,25.51,76.35,6500.2,7,27.76,34.99,0.3122,0
MCH-MOT-1014,Motor,66.23,1.567,22.16,70.99,6540.9,7,31.77,50.35,0.2295,0
MCH-MOT-1014,Motor,61.15,1.539,23.14,65.54,6598.8,7,20.66,77.08,0.0536,0
MCH-MOT-1014,Motor,67.53,2.062,23.36,72.22,6639.9,7,27.26,61.15,0.3531,0
MCH-MOT-1014,Motor,55.72,1.7,24.58,62.61,6696.1,8,23.13,62.1,0.11,0
MCH-MOT-1014,Motor,61.94,2.097,120.0,66.21,6762.0,8,33.13,63.91,0.326,1
MCH-MOT-1014,Motor,59.91,1.912,21.38,60.21,6807.0,8,31.0,63.29,0.1186,0
MCH-MOT-1014,Motor,62.04,2.327,19.74,69.56,6883.7,8,27.27,74.92,0.298,0
MCH-MOT-1014,Motor,56.49,1.903,26.61,66.25,6948.9,8,27.96,61.16,0.1795,0
MCH-MOT-1014,Motor,67.05,1.658,19.22,66.85,6997.6,8,30.61,45.42,0.29,0
MCH-MOT-1014,Motor,62.25,1.437,20.87,72.09,7053.4,8,30.81,48.53,0.1363,0
MCH-MOT-1014,Motor,58.86,2.018,23.04,67.76,7097.3,8,29.91,50.05,0.0723,0
MCH-MOT-1014,Motor,61.89,2.511,21.33,69.15,7138.1,8,25.41,42.61,0.3221,0
MCH-MOT-1014,Motor,62.66,2.021,22.59,68.23,7214.8,8,26.03,44.0,0.2852,0
MCH-MOT-1014,Motor,54.82,2.207,25.67,58.38,7281.8,8,29.16,58.27,0.2425,0
MCH-MOT-1014,Motor,57.63,2.107,22.82,76.2,7353.0,8,25.05,38.4,0.2007,0
MCH-MOT-1014,Motor,56.15,2.116,17.75,67.19,7417.9,8,25.54,51.01,0.1946,0
MCH-MOT-1014,Motor,61.58,1.992,23.51,68.97,7494.1,8,36.43,71.65,0.2323,0
MCH-MOT-1014,Motor,59.45,1.7,22.73,64.17,7570.0,9,24.84,28.99,0.0778,0
MCH-MOT-1014,Motor,64.26,1.754,21.81,71.67,7612.3,9,23.99,55.3,0.165,0
MCH-MOT-1014,Motor,61.23,2.093,24.53,73.98,7659.9,9,25.15,50.87,0.2568,0
MCH-MOT-1014,Motor,61.26,1.854,20.28,69.45,7715.7,9,30.87,55.18,0.0524,0
MCH-MOT-1014,Motor,58.85,18.0,23.34,73.2,7769.3,9,29.76,40.8,0.4425,1
MCH-MOT-1014,Motor,64.27,1.722,23.95,73.27,7830.4,9,31.31,55.61,0.1897,0
MCH-MOT-1014,Motor,6000.0,1.81,23.43,71.78,7881.0,9,32.38,53.11,0.3511,1
MCH-MOT-1014,Motor,58.91,1.955,23.52,61.6,7952.9,9,32.7,43.31,0.198,0
MCH-MOT-1014,Motor,57.72,1.925,22.19,74.07,7993.2,9,35.38,59.77,0.1087,0
MCH-MOT-1014,Motor,61.84,2.384,23.31,75.67,8064.9,9,21.63,59.64,0.429,0
MCH-MOT-1014,Motor,57.28,1.793,22.22,66.25,8120.6,9,28.75,52.92,0.0464,0
MCH-MOT-1014,Motor,60.91,1.913,23.96,73.33,8160.8,9,27.98,29.96,0.1569,0
MCH-MOT-1014,Motor,56.35,1.774,22.74,78.0,8234.7,9,35.37,43.95,0.0387,0
MCH-MOT-1014,Motor,61.3,1.873,19.6,69.9,8292.6,9,30.39,40.24,0.1777,0
MCH-MOT-1014,Motor,57.42,1.736,23.39,68.04,8361.6,10,28.22,81.95,0.0816,0
MCH-MOT-1014,Motor,57.39,2.003,23.98,72.49,8436.7,10,35.24,58.81,0.1022,0
MCH-MOT-1014,Motor,60.39,1.629,24.77,75.79,8478.1,10,21.64,71.2,0.1933,0
MCH-MOT-1014,Motor,58.7,1.776,24.78,58.17,8528.6,10,29.78,68.12,0.1137,0
MCH-MOT-1014,Motor,62.59,1.831,20.43,65.15,8573.3,10,30.85,47.37,0.072,0
MCH-MOT-1014,Motor,60.49,1.646,19.6,70.43,8617.2,10,31.07,55.24,0.089,0
MCH-MOT-1014,Motor,61.93,2.111,26.43,78.65,8695.1,10,23.98,65.3,0.2629,0
MCH-MOT-1014,Motor,55.39,1.885,25.84,77.18,8767.3,10,23.95,55.16,0.1766,0
MCH-MOT-1014,Motor,53.08,1.291,22.31,71.01,8821.9,10,20.64,59.66,0.0354,0
MCH-MOT-1014,Motor,59.13,1.818,23.14,72.63,8889.4,10,21.33,44.14,0.117,0
MCH-MOT-1014,Motor,56.56,2.24,23.27,63.34,8966.1,10,27.14,68.56,0.3286,0
MCH-MOT-1014,Motor,63.41,2.215,24.43,71.08,9015.0,10,33.0,48.73,0.3414,0
MCH-MOT-1014,Motor,60.96,2.144,21.28,73.0,9055.5,10,30.17,43.85,0.2245,0
MCH-MOT-1014,Motor,59.18,2.132,18.34,67.82,9128.5,10,33.24,40.21,0.2804,0
MCH-MOT-1014,Motor,55.49,1.525,21.71,81.24,9197.4,11,25.44,34.2,0.0948,0
MCH-MOT-1014,Motor,63.73,1.394,24.38,70.42,9243.8,11,27.87,58.57,0.2059,0
MCH-MOT-1014,Motor,60.55,1.442,24.7,63.84,9303.4,11,29.76,42.58,0.0723,0
MCH-MOT-1014,Motor,58.5,2.694,21.97,65.07,9349.8,11,26.22,36.94,0.4488,0
MCH-MOT-1014,Motor,62.76,1.751,25.7,72.02,9413.9,11,31.61,44.08,0.1877,0
MCH-MOT-1014,Motor,60.82,1.582,22.8,73.69,9479.8,11,30.17,53.19,0.1103,0
MCH-MOT-1014,Motor,58.97,1.695,24.88,63.36,9530.9,11,21.19,44.59,0.1198,0
MCH-MOT-1014,Motor,65.13,1.602,25.63,70.16,9602.1,11,27.54,44.8,0.2544,0
MCH-MOT-1014,Motor,59.4,1.4,26.92,72.36,9661.1,11,31.2,75.18,0.18,0
MCH-MOT-1014,Motor,63.9,1.816,23.47,69.8,9729.3,11,27.92,56.44,0.1808,0
MCH-MOT-1014,Motor,62.02,1.951,23.64,73.84,9794.9,11,36.0,67.63,0.3008,0
MCH-MOT-1014,Motor,61.81,2.224,20.1,82.09,9853.0,11,24.9,65.8,0.4013,0
MCH-MOT-1014,Motor,59.8,1.409,23.82,62.27,9904.7,11,22.23,68.92,0.0839,0
MCH-MOT-1014,Motor,57.33,2.101,23.59,69.45,9952.8,11,33.34,53.04,0.1863,0
MCH-MOT-1014,Motor,54.98,1.437,24.34,73.31,10022.7,12,27.43,77.89,0.0962,0
MCH-MOT-1014,Motor,61.76,1.363,21.78,65.0,10088.4,12,28.36,43.76,0.1847,0
MCH-MOT-1014,Motor,50.95,1.85,17.4,68.08,10139.6,12,30.78,46.33,0.0665,0
MCH-MOT-1014,Motor,59.73,1.551,22.37,63.8,10218.3,12,27.58,50.84,0.0902,0
MCH-MOT-1014,Motor,66.54,1.86,23.01,66.25,10290.7,12,28.89,51.7,0.2683,0
MCH-MOT-1014,Motor,62.6,1.65,21.2,67.08,10335.8,12,25.98,57.08,0.1863,0
MCH-MOT-1014,Motor,65.99,2.604,20.86,71.76,10382.3,12,32.15,51.81,0.4901,0
MCH-MOT-1014,Motor,66.95,2.006,22.64,78.7,10444.0,12,31.08,54.42,0.3054,0
MCH-MOT-1014,Motor,58.03,2.161,23.36,68.88,10488.1,12,35.07,53.11,0.3014,0
MCH-MOT-1014,Motor,60.88,2.38,23.51,70.28,10566.7,12,27.28,54.82,0.3546,0
MCH-MOT-1014,Motor,54.53,1.893,20.93,66.78,10632.2,12,27.64,55.63,0.0909,0
MCH-MOT-1014,Motor,66.95,1.999,26.22,67.37,10674.9,12,31.13,50.4,0.4565,0
MCH-MOT-1014,Motor,68.58,1.57,17.54,65.75,10732.6,12,19.97,43.58,0.2583,0
MCH-MOT-1014,Motor,60.14,1.185,24.39,58.75,10781.5,12,27.49,51.11,0.1675,0
MCH-MOT-1014,Motor,61.41,2.156,21.28,67.21,10841.1,13,29.65,67.35,0.2262,0
MCH-MOT-1014,Motor,61.29,1.87,21.93,72.46,10891.0,13,36.14,52.09,0.1648,0
MCH-MOT-1014,Motor,58.24,1.917,17.76,69.19,10964.3,13,31.52,48.69,0.1124,0
MCH-MOT-1014,Motor,68.44,1.899,17.52,61.54,11033.1,13,27.0,45.35,0.2599,0
MCH-MOT-1014,Motor,58.82,2.15,19.82,68.76,11109.4,13,28.87,59.09,0.1673,0
MCH-MOT-1014,Motor,50.35,1.825,120.0,75.18,11157.3,13,30.89,57.89,0.2304,1
MCH-MOT-1014,Motor,65.41,2.145,22.55,82.87,11212.7,13,25.49,40.77,0.3926,0
MCH-MOT-1014,Motor,58.5,1.06,20.7,150.0,11284.9,13,27.77,45.68,0.1213,1
MCH-MOT-1014,Motor,62.86,1.608,23.75,63.46,11339.9,13,25.99,75.39,0.1819,0
MCH-MOT-1014,Motor,57.36,1.424,20.35,70.83,11395.0,13,30.83,54.78,0.0676,0
MCH-MOT-1014,Motor,55.03,1.582,18.91,74.42,11474.5,13,31.22,54.51,0.081,0
MCH-MOT-1014,Motor,63.5,1.83,24.79,63.86,11545.3,13,26.61,49.39,0.2167,0
MCH-MOT-1014,Motor,54.26,2.234,23.12,80.5,11619.7,13,27.84,48.4,0.2702,0
MCH-MOT-1014,Motor,64.12,1.586,18.0,59.04,11676.0,14,29.05,73.48,0.1386,0
MCH-MOT-1014,Motor,58.91,1.695,25.84,83.55,11739.5,14,29.7,65.78,0.1622,0
MCH-MOT-1014,Motor,54.88,2.01,19.96,68.97,11797.5,14,32.56,55.97,0.1278,0
MCH-MOT-1014,Motor,65.2,1.273,17.64,76.97,11855.5,14,32.81,58.08,0.1759,0
MCH-MOT-1014,Motor,63.57,2.062,21.39,75.74,11900.6,14,26.61,57.92,0.2614,0
MCH-MOT-1014,Motor,56.56,1.577,26.47,64.65,11974.3,14,29.48,61.96,0.1401,0
MCH-MOT-1014,Motor,62.69,1.899,120.0,73.22,12029.9,14,25.82,75.89,0.2497,1
MCH-MOT-1014,Motor,57.2,1.903,20.15,71.55,12093.2,14,27.1,45.08,0.1799,0
MCH-MOT-1014,Motor,69.74,1.827,21.14,66.37,12167.5,14,29.88,47.34,0.2755,0
MCH-MOT-1014,Motor,59.87,1.788,21.17,64.65,12238.4,14,26.44,49.36,0.1007,0
MCH-MOT-1014,Motor,61.11,2.468,24.66,81.65,12286.3,14,25.73,75.1,0.447,0
MCH-MOT-1014,Motor,63.95,1.937,21.31,74.32,12351.1,14,29.94,33.78,0.2839,0
MCH-MOT-1014,Motor,63.49,1.883,22.94,65.49,12410.9,14,29.02,53.84,0.1378,0
MCH-MOT-1014,Motor,57.28,2.074,22.69,71.47,12461.3,14,36.2,60.69,0.2044,0
MCH-MOT-1014,Motor,61.09,1.694,19.88,71.45,12502.9,15,17.35,58.27,0.0354,0
MCH-MOT-1014,Motor,59.13,1.772,19.5,78.31,12568.1,15,26.65,43.33,0.1942,0
MCH-MOT-1014,Motor,60.44,1.692,21.07,69.97,12639.3,15,33.38,60.63,0.0611,0
MCH-MOT-1014,Motor,63.41,1.808,22.8,70.91,12717.0,15,30.36,49.67,0.1925,0
MCH-MOT-1014,Motor,63.63,2.251,19.82,71.08,12771.2,15,26.2,65.6,0.3297,0
MCH-MOT-1014,Motor,73.31,1.71,120.0,79.81,12827.2,15,30.13,55.44,0.5439,1
MCH-MOT-1014,Motor,64.53,1.538,21.68,68.31,12873.7,15,21.1,65.31,0.1772,0
MCH-MOT-1014,Motor,57.46,2.109,18.83,70.14,12953.1,15,27.49,56.05,0.2178,0
MCH-MOT-1014,Motor,59.69,1.684,21.78,78.18,13027.1,15,25.69,82.06,0.1328,0
MCH-MOT-1014,Motor,60.96,1.971,21.42,78.29,13105.4,15,30.18,52.54,0.1909,0
MCH-MOT-1014,Motor,55.94,1.63,23.13,74.81,13165.2,15,29.29,53.47,0.1269,0
MCH-MOT-1014,Motor,64.53,1.872,20.26,64.42,13213.6,15,34.05,46.37,0.2709,0
MCH-MOT-1014,Motor,65.4,1.963,20.48,63.91,13276.5,15,35.48,42.51,0.2361,0
MCH-MOT-1014,Motor,61.49,1.734,23.15,61.19,13331.4,15,27.16,63.13,0.0425,0
MCH-MOT-1014,Motor,57.71,1.493,22.43,62.13,13385.3,16,33.14,56.89,0.0284,0
MCH-MOT-1014,Motor,55.78,1.61,18.88,72.97,13428.6,16,24.79,59.8,0.0253,0
MCH-MOT-1014,Motor,63.86,1.876,24.25,78.32,13471.5,16,29.03,58.82,0.2416,0
MCH-MOT-1014,Motor,56.05,2.185,23.21,74.12,13526.7,16,25.64,74.49,0.2249,0
MCH-MOT-1014,Motor,56.79,1.628,25.14,63.33,13603.7,16,25.0,89.78,0.1497,0
MCH-MOT-1014,Motor,57.07,1.476,18.65,70.58,13672.6,16,30.91,73.23,0.0784,0
MCH-MOT-1014,Motor,54.7,1.764,27.58,75.32,13743.0,16,29.49,40.3,0.2396,0
MCH-MOT-1014,Motor,60.16,1.77,21.46,67.72,13792.4,16,25.01,43.27,0.0228,0
